/*
 Navicat Premium Data Transfer

 Source Server         : local
 Source Server Type    : MySQL
 Source Server Version : 50528
 Source Host           : localhost
 Source Database       : cms

 Target Server Type    : MySQL
 Target Server Version : 50528
 File Encoding         : utf-8

 Date: 03/10/2013 13:06:06 PM
*/

SET NAMES utf8;
SET FOREIGN_KEY_CHECKS = 0;

-- ----------------------------
--  Table structure for `Info`
-- ----------------------------
DROP TABLE IF EXISTS `Info`;
CREATE TABLE `Info` (
  `infoid` varchar(32) NOT NULL,
  `infono` varchar(12) DEFAULT NULL,
  `state` int(11) DEFAULT NULL,
  `orderNum` int(11) DEFAULT NULL,
  `adddate` date DEFAULT NULL,
  `title` varchar(100) DEFAULT NULL,
  `content` varchar(1000) DEFAULT NULL,
  PRIMARY KEY (`infoid`)
) ENGINE=InnoDB DEFAULT CHARSET=utf8;

-- ----------------------------
--  Table structure for `Productcategory`
-- ----------------------------
DROP TABLE IF EXISTS `Productcategory`;
CREATE TABLE `Productcategory` (
  `Productcategoryid` varchar(32) NOT NULL,
  `Productcategoryno` varchar(12) DEFAULT NULL,
  `state` int(11) DEFAULT NULL,
  `ordernum` int(11) DEFAULT NULL,
  `adddate` date DEFAULT NULL,
  `name` varchar(100) DEFAULT NULL,
  PRIMARY KEY (`Productcategoryid`)
) ENGINE=InnoDB DEFAULT CHARSET=utf8;

-- ----------------------------
--  Table structure for `bfan`
-- ----------------------------
DROP TABLE IF EXISTS `bfan`;
CREATE TABLE `bfan` (
  `BFANID` varchar(32) NOT NULL COMMENT 'BFANID',
  `DEPTID` varchar(32) DEFAULT NULL COMMENT '科室ID',
  `BH` varchar(10) DEFAULT NULL COMMENT '编号',
  `ZT` decimal(65,30) DEFAULT NULL COMMENT '状态',
  `BZ` varchar(200) DEFAULT NULL COMMENT '备注',
  PRIMARY KEY (`BFANID`)
) ENGINE=InnoDB DEFAULT CHARSET=utf8;

-- ----------------------------
--  Table structure for `code`
-- ----------------------------
DROP TABLE IF EXISTS `code`;
CREATE TABLE `code` (
  `CODEID` varchar(32) NOT NULL,
  `CODETYPEID` decimal(3,0) DEFAULT NULL,
  `CODENO` decimal(2,0) DEFAULT NULL,
  `CODENAME` varchar(50) DEFAULT NULL,
  `VAL1` varchar(50) DEFAULT NULL,
  `VAL2` varchar(50) DEFAULT NULL,
  `NUM1` decimal(4,0) DEFAULT NULL,
  `NUM2` decimal(4,0) DEFAULT NULL,
  `NUM21` decimal(10,2) DEFAULT NULL,
  `NUM22` decimal(10,2) DEFAULT NULL,
  `NUM43` decimal(10,4) DEFAULT NULL,
  `NUM44` decimal(10,4) DEFAULT NULL,
  `STATE` decimal(1,0) DEFAULT NULL,
  `MEMO` varchar(200) DEFAULT NULL,
  PRIMARY KEY (`CODEID`)
) ENGINE=InnoDB DEFAULT CHARSET=utf8;

-- ----------------------------
--  Records of `code`
-- ----------------------------
BEGIN;
INSERT INTO `code` VALUES ('201009100957006901', '1', '3', '啤酒', null, null, null, null, null, null, null, null, '1', null), ('201009101030449707', '1', '2', '葡萄酒', null, null, null, null, null, null, null, null, '1', null), ('201010082209455311', '1', '1', '白酒', null, null, null, null, null, null, null, null, '1', null), ('201012101230418841', '2', '1', '纯香型', null, null, null, null, null, null, null, null, '1', null), ('201012101230568392', '2', '2', '酱香型', null, null, null, null, null, null, null, null, '1', null), ('201012101240292683', '3', '1', '泸州老窖', null, null, null, null, null, null, null, null, '1', null), ('201012101240371714', '3', '2', '郎酒', null, null, null, null, null, null, null, null, '1', null), ('201012101525401861', '4', '1', '1-50', null, null, null, null, null, null, null, null, '1', null), ('201012101526395062', '5', '1', '金卡客户', null, null, null, null, null, null, null, null, '1', null), ('201012121338224131', '6', '1', '热销', null, null, null, null, null, null, null, null, '1', null), ('201012121338335072', '6', '2', '促销', null, null, null, null, null, null, null, null, '1', null), ('201012140946180781', '6', '3', '推荐', null, null, null, null, null, null, null, null, '1', null), ('201012270044556081', '9', '1', '38°', null, null, null, null, null, null, null, null, '1', null), ('201012270045105922', '9', '2', '52°', null, null, null, null, null, null, null, null, '1', null), ('201012270942287032', '10', '1', '四川', null, null, null, null, null, null, null, null, '1', null);
COMMIT;

-- ----------------------------
--  Table structure for `codetype`
-- ----------------------------
DROP TABLE IF EXISTS `codetype`;
CREATE TABLE `codetype` (
  `CODETYPEID` decimal(3,0) NOT NULL,
  `CODETYPENAME` varchar(50) DEFAULT NULL,
  `URL` varchar(100) DEFAULT NULL,
  `STATE` decimal(1,0) DEFAULT NULL,
  `MEMO` varchar(200) DEFAULT NULL,
  PRIMARY KEY (`CODETYPEID`)
) ENGINE=InnoDB DEFAULT CHARSET=utf8;

-- ----------------------------
--  Records of `codetype`
-- ----------------------------
BEGIN;
INSERT INTO `codetype` VALUES ('1', '商品类别', '/sys/code/list2.do?id=1', '1', null), ('2', '香型', '/sys/code/list2.do?id=2', '1', null), ('3', '品牌', '/sys/code/list2.do?id=3', '1', null), ('4', '价格区间', '/sys/code/list2.do?id=4', '1', null), ('5', '客户类型', '/sys/code/list2.do?id=5', '1', null), ('6', '销售类型', '/sys/code/list2.do?id=6', '1', null), ('7', '送货方式', '/sys/code/list2.do?id=7', '1', null), ('8', '付款方式', '/sys/code/list2.do?id=8', '1', null), ('9', '度数', '/sys/code/list2.do?id=9', '1', null), ('10', '产地', '/sys/code/list2.do?id=10', '1', null);
COMMIT;

-- ----------------------------
--  Table structure for `cpimg`
-- ----------------------------
DROP TABLE IF EXISTS `cpimg`;
CREATE TABLE `cpimg` (
  `CPIMGID` varchar(32) NOT NULL COMMENT 'ID',
  `SPID` varchar(32) DEFAULT NULL COMMENT 'ID',
  `IMGURL` varchar(100) DEFAULT NULL COMMENT '图片地址',
  `SCRQ` datetime DEFAULT NULL COMMENT '上传日期',
  `ZT` decimal(65,30) DEFAULT NULL COMMENT '状态',
  `BZ` varchar(200) DEFAULT NULL COMMENT '备注',
  PRIMARY KEY (`CPIMGID`)
) ENGINE=InnoDB DEFAULT CHARSET=utf8;

-- ----------------------------
--  Table structure for `cpwt`
-- ----------------------------
DROP TABLE IF EXISTS `cpwt`;
CREATE TABLE `cpwt` (
  `CPWTID` varchar(32) NOT NULL COMMENT '编号',
  `SPID` varchar(32) DEFAULT NULL COMMENT '商品编号',
  `KHID` varchar(32) DEFAULT NULL COMMENT '客户编号',
  `WT` text COMMENT '问题',
  `TCRQ` datetime DEFAULT NULL COMMENT '提出日期',
  `JJRID` varchar(32) DEFAULT NULL COMMENT '解决人编号',
  `HD` text COMMENT '回答',
  `HDSJ` datetime DEFAULT NULL COMMENT '回答时间',
  `ZT` decimal(65,30) DEFAULT NULL COMMENT '状态',
  `BZ` text COMMENT '备注',
  `KHMC` varchar(50) DEFAULT NULL,
  PRIMARY KEY (`CPWTID`)
) ENGINE=InnoDB DEFAULT CHARSET=utf8 COMMENT='产品问题';

-- ----------------------------
--  Records of `cpwt`
-- ----------------------------
BEGIN;
INSERT INTO `cpwt` VALUES ('201101111830077812', '201012121520167661', '匿名', '还有好多酒？	', '2011-01-11 00:00:00', '管理员', ' 半天不会消息', '2011-01-19 18:01:41', '1.000000000000000000000000000000', null, null), ('201101111838544841', '201012121520167661', '匿名', '一点点酒行不啊？', '2011-01-11 18:38:54', null, null, null, '2.000000000000000000000000000000', null, null), ('201101111840512181', '201012121520167661', '匿名', '有没有够急救？', '2011-01-11 18:40:51', null, null, null, '2.000000000000000000000000000000', null, null), ('201101191610569372', '201012121520167661', '匿名', '当歌网还要卖东西吗？', '2011-01-19 16:10:56', null, null, null, '2.000000000000000000000000000000', null, null), ('201101191622347811', '201012162356442501', '匿名', 'bnm ', '2011-01-19 16:22:34', null, null, null, '2.000000000000000000000000000000', null, null);
COMMIT;

-- ----------------------------
--  Table structure for `dd`
-- ----------------------------
DROP TABLE IF EXISTS `dd`;
CREATE TABLE `dd` (
  `DDID` varchar(32) NOT NULL COMMENT '编号',
  `DDH` varchar(50) DEFAULT NULL COMMENT '订单号',
  `DDLX` varchar(50) DEFAULT NULL COMMENT '订单类型',
  `KHBH` varchar(32) DEFAULT NULL COMMENT '客户编号',
  `SHDZ` varchar(200) DEFAULT NULL COMMENT '送货地址',
  `SHR` varchar(50) DEFAULT NULL COMMENT '收货人',
  `YB` varchar(20) DEFAULT NULL COMMENT '邮编',
  `GDDH` varchar(20) DEFAULT NULL COMMENT '固定电话',
  `SJ` varchar(20) DEFAULT NULL COMMENT '手机',
  `YF` decimal(10,2) DEFAULT NULL COMMENT '运费',
  `SPSL` decimal(65,30) DEFAULT NULL COMMENT '商品数量',
  `SPZJ` decimal(10,2) DEFAULT NULL COMMENT '商品总价',
  `GMRQ` datetime DEFAULT NULL COMMENT '购买日期',
  `QWDHRQ` datetime DEFAULT NULL COMMENT '期望到货日期',
  `FHRQ` datetime DEFAULT NULL COMMENT '发货日期',
  `SJDHRQ` datetime DEFAULT NULL COMMENT '实际到货日期',
  `YSFS` varchar(200) DEFAULT NULL COMMENT '运输方式',
  `FKFS` varchar(50) DEFAULT NULL COMMENT '付款方式',
  `SHFS` varchar(50) DEFAULT NULL COMMENT '送货方式',
  `JF` decimal(65,30) DEFAULT NULL COMMENT '积分',
  `DDZT` decimal(65,30) DEFAULT NULL COMMENT '订单状态',
  `ZT` decimal(65,30) DEFAULT NULL COMMENT '状态',
  `BZ` varchar(200) DEFAULT NULL COMMENT '备注',
  `HDDQ` varchar(200) DEFAULT NULL COMMENT '货到地区',
  `SHSJ` datetime DEFAULT NULL COMMENT '审核时间',
  `QSSJ` datetime DEFAULT NULL COMMENT '签收时间',
  PRIMARY KEY (`DDID`)
) ENGINE=InnoDB DEFAULT CHARSET=utf8 COMMENT='订单';

-- ----------------------------
--  Records of `dd`
-- ----------------------------
BEGIN;
INSERT INTO `dd` VALUES ('201101121942144061', '201101121942144062', null, '201012200108413122', '青海省 西宁市 撒大幅', '黄三', '111111', '0380-4565456', '13800000000', '0.00', '6.000000000000000000000000000000', '4602.00', '2011-01-12 19:42:14', null, null, null, null, '网上支付', '普通快递送货上门', '0.000000000000000000000000000000', '4.000000000000000000000000000000', '1.000000000000000000000000000000', null, null, null, null), ('201101121945163127', '201101121945163128', null, '201101121944333286', '四川省 攀枝花市 ddddddddddddd', 'aaaa', '3333333', '3333333', '333333333', '0.00', '5.000000000000000000000000000000', '2866.00', '2011-01-12 19:45:16', null, null, null, null, '网上支付', '普通快递送货上门', '0.000000000000000000000000000000', '2.000000000000000000000000000000', '1.000000000000000000000000000000', null, null, null, null), ('201101171446366401', '201101171446366402', null, '201012200108413122', '青海省 西宁市 撒大幅', '黄三', '111111', '0380-4565456', '13800000000', '0.00', '9.000000000000000000000000000000', '547.00', '2011-01-17 14:46:36', null, null, null, null, '邮局汇款', '加急快递送货上门', '0.000000000000000000000000000000', '3.000000000000000000000000000000', '1.000000000000000000000000000000', null, null, '2011-01-20 16:25:53', null), ('201101171513373841', '201101171513373842', null, '201012200108413122', '广东省 广州市 uyfiwe不', 'zhangsna', '111111', '0830-2222222', '13900000000', '0.00', '4.000000000000000000000000000000', '352.00', '2011-01-17 15:13:37', null, null, null, null, '网上支付', '普通快递送货上门', '0.000000000000000000000000000000', '1.000000000000000000000000000000', '1.000000000000000000000000000000', null, null, null, null);
COMMIT;

-- ----------------------------
--  Table structure for `ddcz`
-- ----------------------------
DROP TABLE IF EXISTS `ddcz`;
CREATE TABLE `ddcz` (
  `ID` varchar(32) NOT NULL,
  `DDID` varchar(32) DEFAULT NULL COMMENT '编号',
  `CZR` varchar(50) DEFAULT NULL COMMENT '操作人',
  `ZT` decimal(65,30) DEFAULT NULL,
  `BZ` varchar(200) DEFAULT NULL,
  PRIMARY KEY (`ID`)
) ENGINE=InnoDB DEFAULT CHARSET=utf8 COMMENT='客户';

-- ----------------------------
--  Records of `ddcz`
-- ----------------------------
BEGIN;
INSERT INTO `ddcz` VALUES ('201101121943390785', '201101121942144061', null, '3.000000000000000000000000000000', '深刻假大空三季稻'), ('201101171124161564', '201101121945163127', null, '2.000000000000000000000000000000', null), ('201101171432438591', '201101121945163127', null, '3.000000000000000000000000000000', null), ('201101171432544062', '201101121942144061', null, '4.000000000000000000000000000000', null), ('201101171433175623', '201101121945163127', null, '4.000000000000000000000000000000', null), ('201101171433299064', '201101121945163127', null, '5.000000000000000000000000000000', null), ('201101171433367965', '201101121942144061', null, '5.000000000000000000000000000000', null), ('201101171447163596', '201101171446366401', null, '2.000000000000000000000000000000', null), ('201101171447232347', '201101171446366401', null, '3.000000000000000000000000000000', null), ('201101171447325788', '201101171446366401', null, '4.000000000000000000000000000000', null), ('201101171447425789', '201101171446366401', null, '5.000000000000000000000000000000', null), ('201101171514179315', '201101171513373841', null, '2.000000000000000000000000000000', null), ('201101171515275876', '201101171513373841', null, '3.000000000000000000000000000000', null), ('201101171515440407', '201101171513373841', null, '4.000000000000000000000000000000', null), ('201101171516182438', '201101171513373841', null, '5.000000000000000000000000000000', null), ('201101171651205311', '201101171513373841', 'ok', '5.000000000000000000000000000000', null), ('201101171651264372', '201101171513373841', 'ok', '5.000000000000000000000000000000', null), ('201101171654000313', '201101171513373841', 'ok', '5.000000000000000000000000000000', null), ('201101171655049534', '201101171513373841', 'ok', '5.000000000000000000000000000000', null), ('201101171707165151', '201101171513373841', 'ok', '5.000000000000000000000000000000', null), ('201101171708493592', '201101171513373841', 'ok', '5.000000000000000000000000000000', null), ('201101171713081251', '201101121942144061', 'ok', '5.000000000000000000000000000000', null), ('201101171716425931', '201101171446366401', 'ok', '5.000000000000000000000000000000', null), ('201101171724525462', '201101171446366401', null, '2.000000000000000000000000000000', null), ('201101171727036253', '201101171446366401', null, '3.000000000000000000000000000000', null), ('201101171727545311', '201101171513373841', null, '3.000000000000000000000000000000', null), ('201101171729418281', '201101171513373841', null, '4.000000000000000000000000000000', null), ('201101171744305409', '201101171513373841', null, '2.000000000000000000000000000000', null), ('2011011717444935210', '201101121945163127', null, '2.000000000000000000000000000000', null), ('201101171753399841', '201101171513373841', null, '2.000000000000000000000000000000', null), ('201101171759288752', '201101121945163127', null, '2.000000000000000000000000000000', null), ('201101171800518283', '201101121942144061', null, '2.000000000000000000000000000000', null), ('201101171802073284', '201101171446366401', null, '2.000000000000000000000000000000', null), ('201101181018418751', '201101171513373841', null, '3.000000000000000000000000000000', null), ('201101201532575781', '201101121942144061', null, '3.000000000000000000000000000000', null), ('201101201533030002', '201101121942144061', null, '4.000000000000000000000000000000', null), ('201101201625537961', '201101171446366401', null, '3.000000000000000000000000000000', null);
COMMIT;

-- ----------------------------
--  Table structure for `dept`
-- ----------------------------
DROP TABLE IF EXISTS `dept`;
CREATE TABLE `dept` (
  `DEPTID` varchar(32) NOT NULL COMMENT '部门ID',
  `PDEPTID` varchar(32) DEFAULT NULL COMMENT '上级部门ID',
  `PDEPTNAME` varchar(50) DEFAULT NULL COMMENT '上级部分名称',
  `DEPTNO` varchar(10) DEFAULT NULL COMMENT '部门NO',
  `DEPTNAME` varchar(50) DEFAULT NULL COMMENT '名称',
  `CODE` varchar(20) DEFAULT NULL COMMENT '部门简码',
  `STATE` decimal(1,0) DEFAULT NULL COMMENT '状态',
  `MEMO` varchar(200) DEFAULT NULL COMMENT '备注',
  PRIMARY KEY (`DEPTID`)
) ENGINE=InnoDB DEFAULT CHARSET=utf8;

-- ----------------------------
--  Records of `dept`
-- ----------------------------
BEGIN;
INSERT INTO `dept` VALUES ('201012101037595731', '0', '一级角色', '100', '管理员', 'gly', '1', null);
COMMIT;

-- ----------------------------
--  Table structure for `deptmenu`
-- ----------------------------
DROP TABLE IF EXISTS `deptmenu`;
CREATE TABLE `deptmenu` (
  `DEPTMENUID` varchar(32) NOT NULL COMMENT '部门菜单ID',
  `MENUID` varchar(32) DEFAULT NULL,
  `DEPTID` varchar(32) DEFAULT NULL,
  PRIMARY KEY (`DEPTMENUID`)
) ENGINE=InnoDB DEFAULT CHARSET=utf8;

-- ----------------------------
--  Records of `deptmenu`
-- ----------------------------
BEGIN;
INSERT INTO `deptmenu` VALUES ('201012101039407982', '201009041523427201', '201012101037595731'), ('201012101039408183', '201012044523427203', '201012101037595731'), ('201012101039408384', '201012341521443203', '201012101037595731'), ('201012101039408605', '201037041523422564', '201012101037595731'), ('201012101039408816', '201019041523427204', '201012101037595731'), ('201012101039409017', '201019041523427205', '201012101037595731'), ('201012101039409228', '201019041523427206', '201012101037595731'), ('201012101039409439', '201019041523427207', '201012101037595731'), ('2010121010394096310', '201009041528445529', '201012101037595731'), ('2010121010394098311', '201019041523427209', '201012101037595731'), ('2010121010394100412', '201019041523427215', '201012101037595731');
COMMIT;

-- ----------------------------
--  Table structure for `employee`
-- ----------------------------
DROP TABLE IF EXISTS `employee`;
CREATE TABLE `employee` (
  `EMPLOYEEID` varchar(32) NOT NULL COMMENT '员工ID',
  `DEPTID` varchar(32) DEFAULT NULL COMMENT '部门ID',
  `DEPTNAME` varchar(50) DEFAULT NULL COMMENT '部门名',
  `EMPLOYEENAME` varchar(50) DEFAULT NULL COMMENT '名称',
  `EMPLOYEENO` varchar(20) DEFAULT NULL COMMENT '用户名',
  `PASSWORD` varchar(128) DEFAULT NULL COMMENT '密码',
  `PHONE` varchar(30) DEFAULT NULL COMMENT '电话',
  `MEMO` varchar(200) DEFAULT NULL COMMENT '备注',
  `STATE` decimal(1,0) DEFAULT NULL COMMENT '状态',
  PRIMARY KEY (`EMPLOYEEID`)
) ENGINE=InnoDB DEFAULT CHARSET=utf8;

-- ----------------------------
--  Records of `employee`
-- ----------------------------
BEGIN;
INSERT INTO `employee` VALUES ('2010121010475741113', '201012101037595731', '总裁办公室', '钟老大', 'zw1', null, '18982280521', null, '3'), ('201301101945547011', '', '管理员', '钟伟2', 'dongfangx', null, '3232323', null, '1'), ('201301101946037292', '', '管理员', '钟伟2', 'dongfangx', null, '18982280521', null, '3'), ('201301102101030071', null, null, null, null, null, null, null, '3'), ('201301102101286222', '', '2323', '32323', '323', null, '18982280521', null, '3'), ('201301191056258691', '', '管理员', '钟伟', 'zw2', null, '18982280521', null, '1'), ('201301191151291432', '', '管理员', '钟伟', 'zw', '6ad14ba9986e3615423dfca256d04e3f', '18982280521', null, '1');
COMMIT;

-- ----------------------------
--  Table structure for `employeemenu`
-- ----------------------------
DROP TABLE IF EXISTS `employeemenu`;
CREATE TABLE `employeemenu` (
  `EMPLOYEEMENUID` varchar(32) NOT NULL COMMENT '员工菜单ID',
  `EMPLOYEEID` varchar(32) DEFAULT NULL,
  `MENUID` varchar(32) DEFAULT NULL,
  PRIMARY KEY (`EMPLOYEEMENUID`)
) ENGINE=InnoDB DEFAULT CHARSET=utf8;

-- ----------------------------
--  Table structure for `fkfs`
-- ----------------------------
DROP TABLE IF EXISTS `fkfs`;
CREATE TABLE `fkfs` (
  `FKFSID` varchar(32) NOT NULL COMMENT 'ID',
  `MC` varchar(32) DEFAULT NULL COMMENT '名称',
  `ZSJF` decimal(8,2) DEFAULT NULL COMMENT '赠送积分',
  `MS` text COMMENT '描述',
  `ZT` decimal(65,30) DEFAULT NULL COMMENT '状态',
  `BZ` varchar(200) DEFAULT NULL COMMENT '备注',
  PRIMARY KEY (`FKFSID`)
) ENGINE=InnoDB DEFAULT CHARSET=utf8 COMMENT='付款方式';

-- ----------------------------
--  Records of `fkfs`
-- ----------------------------
BEGIN;
INSERT INTO `fkfs` VALUES ('201012222147178122', '网上支付', '10.00', '您需要先拥有一张已开通网上支付功能的银行卡。使用网上支付，您将获得积分奖励：10分 ', '1.000000000000000000000000000000', null), ('201012222148198123', '邮局汇款', null, '您需要先去邮局汇款，所购商品将在款项到达当当网帐户后发出，到款时间一般为2-7个工作日。 ', '1.000000000000000000000000000000', null);
COMMIT;

-- ----------------------------
--  Table structure for `gys`
-- ----------------------------
DROP TABLE IF EXISTS `gys`;
CREATE TABLE `gys` (
  `GYSID` varchar(32) NOT NULL COMMENT 'ID',
  `GYSNO` varchar(12) DEFAULT NULL COMMENT '编号',
  `MC` varchar(100) DEFAULT NULL COMMENT '名称',
  `JM` varchar(10) DEFAULT NULL COMMENT '简码',
  `LXR` varchar(50) DEFAULT NULL COMMENT '联系人',
  `PHONE` varchar(50) DEFAULT NULL COMMENT '电话',
  `EMAIL` varchar(50) DEFAULT NULL COMMENT 'Email',
  `ADDR` varchar(100) DEFAULT NULL COMMENT '地址',
  `ZT` decimal(65,30) DEFAULT NULL COMMENT '状态',
  `BZ` varchar(200) DEFAULT NULL COMMENT '备注',
  PRIMARY KEY (`GYSID`)
) ENGINE=InnoDB DEFAULT CHARSET=utf8;

-- ----------------------------
--  Records of `gys`
-- ----------------------------
BEGIN;
INSERT INTO `gys` VALUES ('201012220850566251', null, '博大公司', 'bd', '陈雪松', '135', null, null, '1.000000000000000000000000000000', null);
COMMIT;

-- ----------------------------
--  Table structure for `hd`
-- ----------------------------
DROP TABLE IF EXISTS `hd`;
CREATE TABLE `hd` (
  `HDID` varchar(32) NOT NULL COMMENT 'ID',
  `HDNO` varchar(10) DEFAULT NULL COMMENT '编号',
  `MC` varchar(50) DEFAULT NULL COMMENT '名称',
  `JM` varchar(10) DEFAULT NULL COMMENT '简码',
  `LXR` varchar(50) DEFAULT NULL COMMENT '联系人',
  `PHONE` varchar(30) DEFAULT NULL COMMENT '电话',
  `EMAIL` varchar(50) DEFAULT NULL COMMENT 'Email',
  `ADDR` varchar(100) DEFAULT NULL COMMENT '地址',
  `ZT` decimal(65,30) DEFAULT NULL COMMENT '状态',
  `BZ` varchar(200) DEFAULT NULL COMMENT '备注',
  PRIMARY KEY (`HDID`)
) ENGINE=InnoDB DEFAULT CHARSET=utf8;

-- ----------------------------
--  Records of `hd`
-- ----------------------------
BEGIN;
INSERT INTO `hd` VALUES ('201012101324123192', '100', '汇通快递', 'ht', '张经理', '0830-8283888', null, null, '1.000000000000000000000000000000', null);
COMMIT;

-- ----------------------------
--  Table structure for `introducation`
-- ----------------------------
DROP TABLE IF EXISTS `introducation`;
CREATE TABLE `introducation` (
  `Solutionsid` varchar(32) NOT NULL,
  `Solutionsno` varchar(12) DEFAULT NULL,
  `state` int(11) DEFAULT NULL,
  `ordernum` int(11) DEFAULT NULL,
  `adddate` date DEFAULT NULL,
  `employeeid` varchar(32) DEFAULT NULL,
  `title` varchar(100) DEFAULT NULL,
  `img` varchar(100) DEFAULT NULL,
  `introducation` varchar(100) DEFAULT NULL,
  `content` varchar(1000) DEFAULT NULL,
  PRIMARY KEY (`Solutionsid`)
) ENGINE=InnoDB DEFAULT CHARSET=utf8;

-- ----------------------------
--  Table structure for `kh`
-- ----------------------------
DROP TABLE IF EXISTS `kh`;
CREATE TABLE `kh` (
  `KHID` varchar(32) NOT NULL COMMENT 'ID',
  `EMAIL` varchar(50) DEFAULT NULL COMMENT 'Email',
  `MM` varchar(128) DEFAULT NULL COMMENT '密码',
  `KHLXID` varchar(32) DEFAULT NULL COMMENT '客户类型',
  `XM` varchar(20) DEFAULT NULL COMMENT '姓名',
  `CSRQ` datetime DEFAULT NULL COMMENT '出生日期',
  `SEX` varchar(20) DEFAULT NULL COMMENT '性别',
  `SHENG` varchar(32) DEFAULT NULL COMMENT '省',
  `SHI` varchar(32) DEFAULT NULL COMMENT '市',
  `ADDR` varchar(100) DEFAULT NULL COMMENT '地址',
  `SFZ` varchar(20) DEFAULT NULL COMMENT '身份证',
  `VIP` decimal(65,30) DEFAULT NULL COMMENT 'VIP',
  `JF` decimal(65,30) DEFAULT NULL COMMENT '积分',
  `XFJE` decimal(12,2) DEFAULT NULL COMMENT '消费总结额',
  `ZCRQ` datetime DEFAULT NULL COMMENT '注册日期',
  `ZT` decimal(65,30) DEFAULT NULL COMMENT '状态',
  `BZ` varchar(32) DEFAULT NULL COMMENT '备注',
  `YE` decimal(10,2) DEFAULT NULL COMMENT '余额',
  `SJ` varchar(20) DEFAULT NULL COMMENT '手机',
  `DHHM` varchar(20) DEFAULT NULL COMMENT '固定电话',
  `QQ` varchar(20) DEFAULT NULL COMMENT 'QQ',
  `YB` varchar(20) DEFAULT NULL COMMENT '邮编',
  PRIMARY KEY (`KHID`)
) ENGINE=InnoDB DEFAULT CHARSET=utf8 COMMENT='客户';

-- ----------------------------
--  Records of `kh`
-- ----------------------------
BEGIN;
INSERT INTO `kh` VALUES ('201012200108413122', 'beyond_602@126.com', '222', null, '111', '2010-12-27 00:00:00', '男', '青海省', '西宁市', 'dfg ', 'dfg', null, '0.000000000000000000000000000000', '0.00', null, '1.000000000000000000000000000000', null, '0.00', '13800000000', '0830-1111111', '234234234', '000000'), ('201012201058455461', '499470647@qq.com', '111', null, '周明全', null, null, null, null, null, null, null, null, null, null, '1.000000000000000000000000000000', null, null, null, null, null, null), ('201101101528448711', '12@h.com', '123', null, 'admin', null, null, null, null, null, null, null, null, null, null, '1.000000000000000000000000000000', null, null, null, null, null, null), ('201101101559285902', 'ert@hh.com', 'f', null, 'admin', null, null, null, null, null, null, null, null, null, null, '1.000000000000000000000000000000', null, null, null, null, null, null), ('201101121944333286', '333@qq.com', 'aaaaaa', null, 'aaaaaa', null, null, null, null, null, null, null, null, '0.00', '2011-01-12 19:44:33', '1.000000000000000000000000000000', null, '0.00', null, null, null, null), ('201101201738090931', 'beyond@126.com', 'vL4zZeasleosA0OiOVg03Q==', null, '周兄', null, null, null, null, null, null, null, null, '0.00', '2011-01-20 17:38:09', '1.000000000000000000000000000000', null, '0.00', null, null, null, null);
COMMIT;

-- ----------------------------
--  Table structure for `khdz`
-- ----------------------------
DROP TABLE IF EXISTS `khdz`;
CREATE TABLE `khdz` (
  `KHDZID` varchar(32) NOT NULL COMMENT 'id',
  `KH` varchar(50) DEFAULT NULL COMMENT '客户',
  `DZ` text COMMENT '地址',
  `DDSJ` datetime DEFAULT NULL COMMENT '订单时间',
  `ZT` decimal(65,30) DEFAULT NULL COMMENT '状态',
  PRIMARY KEY (`KHDZID`)
) ENGINE=InnoDB DEFAULT CHARSET=utf8 COMMENT='客户地址';

-- ----------------------------
--  Records of `khdz`
-- ----------------------------
BEGIN;
INSERT INTO `khdz` VALUES ('201012280939153905', '201012200108413122', '黄三,青海省 西宁市 撒大幅,111111,13800000000,0380-4565456', '2010-12-28 09:39:15', '1.000000000000000000000000000000'), ('201012281108298285', '201012200108413122', '黄三,青海省 西宁市 撒大幅,111111,13800000000,0380-4565456', '2010-12-28 11:08:29', '1.000000000000000000000000000000'), ('201101071812119064', '201012200108413122', 'cfgsdf,云南省 昆明市 sdf,3434,444,34554', null, '1.000000000000000000000000000000'), ('201101101606204534', '201012200108413122', '黄三,青海省 西宁市 撒大幅,111111,13800000000,0380-4565456', '2011-01-10 16:06:20', null), ('201101101752581687', '201101101528448711', 'er,黑龙江省 哈尔滨市 ghh,dfgfgg,wetytyyu,fghhjjj', '2011-01-10 17:52:58', null), ('201101121535260314', '201012200108413122', '黄三,青海省 西宁市 撒大幅,111111,13800000000,0380-4565456', '2011-01-12 15:35:26', null), ('201101121942144844', '201012200108413122', '黄三,青海省 西宁市 撒大幅,111111,13800000000,0380-4565456', '2011-01-12 19:42:14', null), ('2011011219451632811', '201101121944333286', 'aaaa,四川省 攀枝花市 ddddddddddddd,3333333,333333333,3333333', '2011-01-12 19:45:16', null), ('201101171446366875', '201012200108413122', '黄三,青海省 西宁市 撒大幅,111111,13800000000,0380-4565456', '2011-01-17 14:46:36', null), ('201101171513373994', '201012200108413122', 'zhangsna,广东省 广州市 uyfiwe不,111111,13900000000,0830-2222222', '2011-01-17 15:13:37', null);
COMMIT;

-- ----------------------------
--  Table structure for `lm`
-- ----------------------------
DROP TABLE IF EXISTS `lm`;
CREATE TABLE `lm` (
  `LMID` varchar(32) NOT NULL COMMENT 'ID',
  `LMNO` varchar(10) DEFAULT NULL COMMENT '编号',
  `MC` varchar(50) DEFAULT NULL COMMENT '名称',
  `JM` varchar(10) DEFAULT NULL COMMENT '栏目简码',
  `CJRQ` datetime DEFAULT NULL COMMENT '创建日期',
  `ZT` decimal(65,30) DEFAULT NULL COMMENT '状态',
  `BZ` varchar(200) DEFAULT NULL COMMENT '备注',
  PRIMARY KEY (`LMID`)
) ENGINE=InnoDB DEFAULT CHARSET=utf8;

-- ----------------------------
--  Records of `lm`
-- ----------------------------
BEGIN;
INSERT INTO `lm` VALUES ('201012121836064341', '1', '新闻专题', 'xwzt', '2010-12-12 18:36:06', '1.000000000000000000000000000000', null), ('201012281508361712', '2', '文化', 'wh', '2010-12-28 15:08:36', '1.000000000000000000000000000000', null), ('201012281509071093', '3', '活动', 'hd', '2010-12-28 15:09:07', '1.000000000000000000000000000000', null), ('201012301727047181', '4', '专卖场', 'zmc', '2010-12-30 17:27:04', '1.000000000000000000000000000000', null);
COMMIT;

-- ----------------------------
--  Table structure for `menu`
-- ----------------------------
DROP TABLE IF EXISTS `menu`;
CREATE TABLE `menu` (
  `MENUID` varchar(32) NOT NULL,
  `MENUNO` decimal(6,0) DEFAULT NULL,
  `MENUNAME` varchar(50) DEFAULT NULL,
  `URL` varchar(100) DEFAULT NULL,
  `PMENUID` varchar(32) DEFAULT NULL,
  `PMENUNAME` varchar(50) DEFAULT NULL,
  `MEMO` varchar(200) DEFAULT NULL,
  `STATE` decimal(1,0) DEFAULT NULL,
  `MENUTYPE` decimal(1,0) DEFAULT NULL,
  `OID` varchar(32) DEFAULT NULL,
  PRIMARY KEY (`MENUID`)
) ENGINE=InnoDB DEFAULT CHARSET=utf8;

-- ----------------------------
--  Records of `menu`
-- ----------------------------
BEGIN;
INSERT INTO `menu` VALUES ('201009041523427201', '10', '系统管理', '#', '0', '顶级节点', null, '1', null, null), ('201009041528445529', '20', '基础数据管理', '#', '0', '顶级节点', null, '1', null, null), ('201012044523427203', '10000', '用户管理', '/sys/employee/list.do', '201009041523427201', '系统管理', null, '1', null, null), ('201012101247300021', '203', '货代管理', '/base/hd/list.do', '201009041528445529', '基础数据管理', null, '1', null, null), ('201012101508270431', '204', '商品管理', '/base/sp/list.do', '201009041528445529', '基础数据管理', null, '1', null, null), ('201012101556146661', '205', '客户管理', '/base/kh/list.do', '201009041528445529', '基础数据管理', null, '1', null, null), ('201012101705078801', '206', '栏目管理', '/base/lm/list.do', '201009041528445529', '基础数据管理', null, '1', null, null), ('201012101705427652', '207', '新闻信息管理', '/base/xx/list.do', '201009041528445529', '基础数据管理', null, '1', null, null), ('201012101706215123', '208', '供应商管理', '/base/gys/list.do', '201009041528445529', '基础数据管理', null, '1', null, null), ('201012151058429061', '207', '商品类别', '/base/splb/list.do', '201009041528445529', '基础数据管理', null, '1', null, null), ('201012222120561871', '208', '送货方式', '/base/shfs/list.do', '201009041528445529', '基础数据管理', null, '1', null, null), ('201012222121435782', '209', '付款方式', '/base/fkfs/list.do', '201009041528445529', '基础数据管理', null, '1', null, null), ('201012241032287611', '60', '订单管理', '#', '0', '顶级节点', null, '1', null, null), ('201012241033070052', '63', '已审核订单', '/dd/dd/list.do?oid=3', '201012241032287611', '订单管理', null, '1', null, null), ('201012270835140721', '64', '已发货订单', '/dd/dd/list.do?oid=4', '201012241032287611', '订单管理', null, '1', null, null), ('201012270835323232', '67', '订单查询', '/dd/dd/list.do?oid=0', '201012241032287611', '订单管理', null, '1', null, null), ('201012282136340781', '210', '团购管理', '/base/tg/list.do', '201009041528445529', '基础数据管理', null, '1', null, null), ('201012311520358591', '211', '问题类型', '/base/wtlx/list.do', '201009041528445529', '基础数据管理', null, '1', null, null), ('201012311521102342', '212', '问题', '/base/wt/list.do', '201009041528445529', '基础数据管理', null, '1', null, null), ('201012341521443203', '10001', '部门管理', '/sys/dept/list.do', '201009041523427201', '系统管理', null, '1', null, null), ('201019041523427204', '10003', '角色管理', '/sys/employee/list.do', '201009041523427201', '系统管理', null, '1', null, null), ('201019041523427205', '10004', '资源管理', '/sys/resources/list.do', '201009041523427201', '系统管理', null, '1', null, null), ('201019041523427206', '10005', '日志管理', '/sys/rz/list.do', '201009041523427201', '系统管理', null, '1', null, null), ('201019041523427207', '10006', '系统备份', '#', '201009041523427201', '系统管理', null, '1', null, null), ('201019041523427209', '20002', '基础数据', '/sys/code/list.do', '201009041528445529', '基础数据管理', null, '1', null, null), ('201019041523427215', '20008', '数据类型', '/sys/codetype/list.do', '201009041528445529', '基础数据管理', null, '1', null, null), ('201037041523422564', '10002', '菜单管理', '/sys/menu/list.do', '201009041523427201', '系统管理', null, '1', null, null), ('201101141642388431', '61', '未付款订单', '/dd/dd/list.do?oid=1', '201012241032287611', '订单管理', null, '1', null, null), ('201101171117037341', '62', '已付款订单', '/dd/dd/list.do?oid=2', '201012241032287611', '订单管理', null, '1', null, null), ('201101171118578432', '65', '已签收订单', '/dd/dd/list.do?oid=5', '201012241032287611', '订单管理', null, '1', null, null), ('201101171119358433', '66', '关闭订单', '/dd/dd/list.do?oid=8', '201012241032287611', '订单管理', null, '1', null, null), ('201101191649121092', '1', '客户问答', '/base/cpwt/list.do', '201009041528445529', '基础数据管理', null, '1', null, null), ('201212052228046401', '50', 'cms管理', '#', '0', '顶级节点', null, '1', null, null), ('201212052228441582', '5001', '产品管理', '/base/product/list', '201212052228046401', 'cms管理', null, '1', null, null), ('201212052317458391', '50002', '信息管理', '/base/info/list', '201212052228046401', 'cms管理', null, '1', null, null), ('201212052318234772', '5003', '新闻管理', '/base/news/list', '201212052228046401', 'cms管理', null, '1', null, null), ('201212052319366043', '5004', '导航菜单管理', '/base/navmenu/list', '201212052228046401', 'cms管理', null, '1', null, null);
COMMIT;

-- ----------------------------
--  Table structure for `navmenu`
-- ----------------------------
DROP TABLE IF EXISTS `navmenu`;
CREATE TABLE `navmenu` (
  `navmenuid` varchar(32) NOT NULL,
  `navmenuno` varchar(12) DEFAULT NULL,
  `navmenuname` varchar(50) DEFAULT NULL,
  `menuurl` varchar(100) DEFAULT NULL,
  `state` int(11) DEFAULT NULL,
  `sort` int(11) DEFAULT NULL,
  PRIMARY KEY (`navmenuid`)
) ENGINE=InnoDB DEFAULT CHARSET=utf8;

-- ----------------------------
--  Records of `navmenu`
-- ----------------------------
BEGIN;
INSERT INTO `navmenu` VALUES ('201212052320112864', '1', '首页', '/web/index/index', '1', '1'), ('201212052321084115', '2', '公司新闻', '/web/index/newsList', '1', '2');
COMMIT;

-- ----------------------------
--  Table structure for `news`
-- ----------------------------
DROP TABLE IF EXISTS `news`;
CREATE TABLE `news` (
  `newsid` varchar(32) DEFAULT NULL,
  `newsno` varchar(12) DEFAULT NULL,
  `state` int(11) DEFAULT NULL,
  `ordernum` int(11) DEFAULT NULL,
  `adddate` date DEFAULT NULL,
  `employeeid` varchar(32) DEFAULT NULL,
  `title` varchar(100) DEFAULT NULL,
  `content` varchar(1000) DEFAULT NULL,
  `img` varchar(50) DEFAULT NULL
) ENGINE=InnoDB DEFAULT CHARSET=utf8;

-- ----------------------------
--  Records of `news`
-- ----------------------------
BEGIN;
INSERT INTO `news` VALUES ('201212052324418766', '1001', '1', null, '2012-12-05', null, '中国进行政治改革', '中国进行政治改革中国进行政治改革中国进行政治改革中国进行政治改革中国进行政治改革中国进行政治改革', '');
COMMIT;

-- ----------------------------
--  Table structure for `pl`
-- ----------------------------
DROP TABLE IF EXISTS `pl`;
CREATE TABLE `pl` (
  `PLID` varchar(32) NOT NULL COMMENT 'ID',
  `SPID` varchar(32) DEFAULT NULL COMMENT '商品编号',
  `KHID` varchar(32) DEFAULT NULL COMMENT '客户编号',
  `PL` varchar(200) DEFAULT NULL COMMENT '评论',
  `PLRQ` datetime DEFAULT NULL COMMENT '评论日期',
  `ZT` decimal(65,30) DEFAULT NULL COMMENT '状态',
  `BZ` varchar(200) DEFAULT NULL COMMENT '备注',
  PRIMARY KEY (`PLID`)
) ENGINE=InnoDB DEFAULT CHARSET=utf8;

-- ----------------------------
--  Records of `pl`
-- ----------------------------
BEGIN;
INSERT INTO `pl` VALUES ('201012241626567961', '201012141533235785', '匿名', '真的是好酒', '2010-12-24 16:26:56', '1.000000000000000000000000000000', null), ('201012241641024061', '201012141533235785', '匿名', '哈哈哈哈哈不是好酒	', '2010-12-24 16:41:02', '1.000000000000000000000000000000', null), ('201012241649249991', '201012141533235785', '匿名', '			dfgdfg	', '2010-12-24 16:49:24', '1.000000000000000000000000000000', null), ('201012282151145781', '201012121520167661', '匿名', '				', '2010-12-28 21:51:14', '1.000000000000000000000000000000', null), ('201101131640017811', '201012141533235785', '匿名', 'sidhgcksjdhc 		', '2011-01-13 16:40:01', '1.000000000000000000000000000000', null), ('201101191610371251', '201012121520167661', '匿名', '快乐联系曲', '2011-01-19 16:10:37', '1.000000000000000000000000000000', null);
COMMIT;

-- ----------------------------
--  Table structure for `product`
-- ----------------------------
DROP TABLE IF EXISTS `product`;
CREATE TABLE `product` (
  `productid` varchar(32) DEFAULT NULL,
  `productno` varchar(12) DEFAULT NULL,
  `state` int(11) DEFAULT NULL,
  `ordernum` int(11) DEFAULT NULL,
  `adddate` date DEFAULT NULL,
  `employeeid` varchar(32) DEFAULT NULL,
  `introducation` varchar(100) DEFAULT NULL,
  `title` varchar(100) DEFAULT NULL,
  `content` varchar(1000) DEFAULT NULL,
  `minimg` varchar(100) DEFAULT NULL,
  `maximg` varchar(100) DEFAULT NULL,
  `productcategoryid` varchar(32) DEFAULT NULL,
  `productcategoryname` varchar(100) DEFAULT NULL
) ENGINE=InnoDB DEFAULT CHARSET=utf8;

-- ----------------------------
--  Table structure for `provinces`
-- ----------------------------
DROP TABLE IF EXISTS `provinces`;
CREATE TABLE `provinces` (
  `PROID` decimal(65,30) NOT NULL,
  `PRONAME` varchar(50) NOT NULL,
  `ROOTID` decimal(65,30) DEFAULT NULL,
  `CHILDS` decimal(65,30) DEFAULT NULL,
  `LAYERS` decimal(65,30) DEFAULT NULL,
  `SORTS` decimal(65,30) DEFAULT NULL,
  `ISOPENS` decimal(65,30) DEFAULT NULL,
  PRIMARY KEY (`PROID`)
) ENGINE=InnoDB DEFAULT CHARSET=utf8;

-- ----------------------------
--  Records of `provinces`
-- ----------------------------
BEGIN;
INSERT INTO `provinces` VALUES ('1.000000000000000000000000000000', '北京市', '0.000000000000000000000000000000', '18.000000000000000000000000000000', '1.000000000000000000000000000000', '1.000000000000000000000000000000', '1.000000000000000000000000000000'), ('2.000000000000000000000000000000', '天津市', '0.000000000000000000000000000000', '0.000000000000000000000000000000', '1.000000000000000000000000000000', '2.000000000000000000000000000000', '1.000000000000000000000000000000'), ('3.000000000000000000000000000000', '上海市', '0.000000000000000000000000000000', '0.000000000000000000000000000000', '1.000000000000000000000000000000', '3.000000000000000000000000000000', '1.000000000000000000000000000000'), ('4.000000000000000000000000000000', '重庆市', '0.000000000000000000000000000000', '0.000000000000000000000000000000', '1.000000000000000000000000000000', '4.000000000000000000000000000000', '1.000000000000000000000000000000'), ('5.000000000000000000000000000000', '河北省', '0.000000000000000000000000000000', '11.000000000000000000000000000000', '1.000000000000000000000000000000', '5.000000000000000000000000000000', '1.000000000000000000000000000000'), ('6.000000000000000000000000000000', '山西省', '0.000000000000000000000000000000', '11.000000000000000000000000000000', '1.000000000000000000000000000000', '6.000000000000000000000000000000', '1.000000000000000000000000000000'), ('7.000000000000000000000000000000', '台湾省', '0.000000000000000000000000000000', '23.000000000000000000000000000000', '1.000000000000000000000000000000', '7.000000000000000000000000000000', '1.000000000000000000000000000000'), ('8.000000000000000000000000000000', '辽宁省', '0.000000000000000000000000000000', '14.000000000000000000000000000000', '1.000000000000000000000000000000', '8.000000000000000000000000000000', '1.000000000000000000000000000000'), ('9.000000000000000000000000000000', '吉林省', '0.000000000000000000000000000000', '9.000000000000000000000000000000', '1.000000000000000000000000000000', '9.000000000000000000000000000000', '1.000000000000000000000000000000'), ('10.000000000000000000000000000000', '黑龙江省', '0.000000000000000000000000000000', '13.000000000000000000000000000000', '1.000000000000000000000000000000', '10.000000000000000000000000000000', '1.000000000000000000000000000000'), ('11.000000000000000000000000000000', '江苏省', '0.000000000000000000000000000000', '13.000000000000000000000000000000', '1.000000000000000000000000000000', '11.000000000000000000000000000000', '1.000000000000000000000000000000'), ('12.000000000000000000000000000000', '浙江省', '0.000000000000000000000000000000', '11.000000000000000000000000000000', '1.000000000000000000000000000000', '12.000000000000000000000000000000', '1.000000000000000000000000000000'), ('13.000000000000000000000000000000', '安徽省', '0.000000000000000000000000000000', '17.000000000000000000000000000000', '1.000000000000000000000000000000', '13.000000000000000000000000000000', '1.000000000000000000000000000000'), ('14.000000000000000000000000000000', '福建省', '0.000000000000000000000000000000', '9.000000000000000000000000000000', '1.000000000000000000000000000000', '14.000000000000000000000000000000', '1.000000000000000000000000000000'), ('15.000000000000000000000000000000', '江西省', '0.000000000000000000000000000000', '11.000000000000000000000000000000', '1.000000000000000000000000000000', '15.000000000000000000000000000000', '1.000000000000000000000000000000'), ('16.000000000000000000000000000000', '山东省', '0.000000000000000000000000000000', '17.000000000000000000000000000000', '1.000000000000000000000000000000', '16.000000000000000000000000000000', '1.000000000000000000000000000000'), ('17.000000000000000000000000000000', '河南省', '0.000000000000000000000000000000', '18.000000000000000000000000000000', '1.000000000000000000000000000000', '17.000000000000000000000000000000', '1.000000000000000000000000000000'), ('18.000000000000000000000000000000', '湖北省', '0.000000000000000000000000000000', '17.000000000000000000000000000000', '1.000000000000000000000000000000', '18.000000000000000000000000000000', '1.000000000000000000000000000000'), ('19.000000000000000000000000000000', '湖南省', '0.000000000000000000000000000000', '14.000000000000000000000000000000', '1.000000000000000000000000000000', '19.000000000000000000000000000000', '1.000000000000000000000000000000'), ('20.000000000000000000000000000000', '广东省', '0.000000000000000000000000000000', '21.000000000000000000000000000000', '1.000000000000000000000000000000', '20.000000000000000000000000000000', '1.000000000000000000000000000000'), ('21.000000000000000000000000000000', '甘肃省', '0.000000000000000000000000000000', '14.000000000000000000000000000000', '1.000000000000000000000000000000', '21.000000000000000000000000000000', '1.000000000000000000000000000000'), ('22.000000000000000000000000000000', '四川省', '0.000000000000000000000000000000', '21.000000000000000000000000000000', '1.000000000000000000000000000000', '22.000000000000000000000000000000', '1.000000000000000000000000000000'), ('23.000000000000000000000000000000', '贵州省', '0.000000000000000000000000000000', '9.000000000000000000000000000000', '1.000000000000000000000000000000', '23.000000000000000000000000000000', '1.000000000000000000000000000000'), ('24.000000000000000000000000000000', '海南省', '0.000000000000000000000000000000', '18.000000000000000000000000000000', '1.000000000000000000000000000000', '24.000000000000000000000000000000', '1.000000000000000000000000000000'), ('25.000000000000000000000000000000', '云南省', '0.000000000000000000000000000000', '16.000000000000000000000000000000', '1.000000000000000000000000000000', '25.000000000000000000000000000000', '1.000000000000000000000000000000'), ('26.000000000000000000000000000000', '青海省', '0.000000000000000000000000000000', '8.000000000000000000000000000000', '1.000000000000000000000000000000', '26.000000000000000000000000000000', '1.000000000000000000000000000000'), ('27.000000000000000000000000000000', '陕西省', '0.000000000000000000000000000000', '10.000000000000000000000000000000', '1.000000000000000000000000000000', '27.000000000000000000000000000000', '1.000000000000000000000000000000'), ('28.000000000000000000000000000000', '广西壮族自治区', '0.000000000000000000000000000000', '14.000000000000000000000000000000', '1.000000000000000000000000000000', '28.000000000000000000000000000000', '1.000000000000000000000000000000'), ('29.000000000000000000000000000000', '西藏自治区', '0.000000000000000000000000000000', '7.000000000000000000000000000000', '1.000000000000000000000000000000', '29.000000000000000000000000000000', '1.000000000000000000000000000000'), ('30.000000000000000000000000000000', '宁夏回族自治区', '0.000000000000000000000000000000', '5.000000000000000000000000000000', '1.000000000000000000000000000000', '30.000000000000000000000000000000', '1.000000000000000000000000000000'), ('31.000000000000000000000000000000', '新疆维吾尔自治区', '0.000000000000000000000000000000', '22.000000000000000000000000000000', '1.000000000000000000000000000000', '31.000000000000000000000000000000', '1.000000000000000000000000000000'), ('32.000000000000000000000000000000', '内蒙古自治区', '0.000000000000000000000000000000', '12.000000000000000000000000000000', '1.000000000000000000000000000000', '32.000000000000000000000000000000', '1.000000000000000000000000000000'), ('33.000000000000000000000000000000', '澳门特别行政区', '0.000000000000000000000000000000', '0.000000000000000000000000000000', '1.000000000000000000000000000000', '33.000000000000000000000000000000', '1.000000000000000000000000000000'), ('34.000000000000000000000000000000', '香港特别行政区', '0.000000000000000000000000000000', '0.000000000000000000000000000000', '1.000000000000000000000000000000', '34.000000000000000000000000000000', '1.000000000000000000000000000000'), ('61.000000000000000000000000000000', '东城区', '1.000000000000000000000000000000', '0.000000000000000000000000000000', '2.000000000000000000000000000000', '1.000000000000000000000000000000', '0.000000000000000000000000000000'), ('62.000000000000000000000000000000', '西城区', '1.000000000000000000000000000000', '0.000000000000000000000000000000', '2.000000000000000000000000000000', '2.000000000000000000000000000000', '0.000000000000000000000000000000'), ('63.000000000000000000000000000000', '崇文区', '1.000000000000000000000000000000', '0.000000000000000000000000000000', '2.000000000000000000000000000000', '3.000000000000000000000000000000', '0.000000000000000000000000000000'), ('64.000000000000000000000000000000', '宣武区', '1.000000000000000000000000000000', '0.000000000000000000000000000000', '2.000000000000000000000000000000', '4.000000000000000000000000000000', '0.000000000000000000000000000000'), ('65.000000000000000000000000000000', '朝阳区', '1.000000000000000000000000000000', '0.000000000000000000000000000000', '2.000000000000000000000000000000', '5.000000000000000000000000000000', '0.000000000000000000000000000000'), ('66.000000000000000000000000000000', '丰台区', '1.000000000000000000000000000000', '0.000000000000000000000000000000', '2.000000000000000000000000000000', '6.000000000000000000000000000000', '0.000000000000000000000000000000'), ('67.000000000000000000000000000000', '石景山区', '1.000000000000000000000000000000', '0.000000000000000000000000000000', '2.000000000000000000000000000000', '7.000000000000000000000000000000', '0.000000000000000000000000000000'), ('68.000000000000000000000000000000', '海淀区', '1.000000000000000000000000000000', '0.000000000000000000000000000000', '2.000000000000000000000000000000', '8.000000000000000000000000000000', '0.000000000000000000000000000000'), ('69.000000000000000000000000000000', '门头沟区', '1.000000000000000000000000000000', '0.000000000000000000000000000000', '2.000000000000000000000000000000', '9.000000000000000000000000000000', '0.000000000000000000000000000000'), ('70.000000000000000000000000000000', '房山区', '1.000000000000000000000000000000', '0.000000000000000000000000000000', '2.000000000000000000000000000000', '10.000000000000000000000000000000', '0.000000000000000000000000000000'), ('71.000000000000000000000000000000', '通州区', '1.000000000000000000000000000000', '0.000000000000000000000000000000', '2.000000000000000000000000000000', '11.000000000000000000000000000000', '0.000000000000000000000000000000'), ('72.000000000000000000000000000000', '顺义区', '1.000000000000000000000000000000', '0.000000000000000000000000000000', '2.000000000000000000000000000000', '12.000000000000000000000000000000', '0.000000000000000000000000000000'), ('73.000000000000000000000000000000', '昌平区', '1.000000000000000000000000000000', '0.000000000000000000000000000000', '2.000000000000000000000000000000', '13.000000000000000000000000000000', '0.000000000000000000000000000000'), ('74.000000000000000000000000000000', '大兴区', '1.000000000000000000000000000000', '0.000000000000000000000000000000', '2.000000000000000000000000000000', '14.000000000000000000000000000000', '0.000000000000000000000000000000'), ('75.000000000000000000000000000000', '怀柔区', '1.000000000000000000000000000000', '0.000000000000000000000000000000', '2.000000000000000000000000000000', '15.000000000000000000000000000000', '0.000000000000000000000000000000'), ('76.000000000000000000000000000000', '平谷区', '1.000000000000000000000000000000', '0.000000000000000000000000000000', '2.000000000000000000000000000000', '16.000000000000000000000000000000', '0.000000000000000000000000000000'), ('77.000000000000000000000000000000', '延庆县', '1.000000000000000000000000000000', '0.000000000000000000000000000000', '2.000000000000000000000000000000', '17.000000000000000000000000000000', '0.000000000000000000000000000000'), ('78.000000000000000000000000000000', '密云县', '1.000000000000000000000000000000', '0.000000000000000000000000000000', '2.000000000000000000000000000000', '18.000000000000000000000000000000', '0.000000000000000000000000000000'), ('101.000000000000000000000000000000', '石家庄市', '5.000000000000000000000000000000', '0.000000000000000000000000000000', '2.000000000000000000000000000000', '1.000000000000000000000000000000', '1.000000000000000000000000000000'), ('102.000000000000000000000000000000', '唐山市', '5.000000000000000000000000000000', '0.000000000000000000000000000000', '2.000000000000000000000000000000', '2.000000000000000000000000000000', '1.000000000000000000000000000000'), ('103.000000000000000000000000000000', '秦皇岛市', '5.000000000000000000000000000000', '0.000000000000000000000000000000', '2.000000000000000000000000000000', '3.000000000000000000000000000000', '1.000000000000000000000000000000'), ('104.000000000000000000000000000000', '邯郸市', '5.000000000000000000000000000000', '0.000000000000000000000000000000', '2.000000000000000000000000000000', '4.000000000000000000000000000000', '1.000000000000000000000000000000'), ('105.000000000000000000000000000000', '邢台市', '5.000000000000000000000000000000', '0.000000000000000000000000000000', '2.000000000000000000000000000000', '5.000000000000000000000000000000', '1.000000000000000000000000000000'), ('106.000000000000000000000000000000', '保定市', '5.000000000000000000000000000000', '0.000000000000000000000000000000', '2.000000000000000000000000000000', '6.000000000000000000000000000000', '1.000000000000000000000000000000'), ('107.000000000000000000000000000000', '张家口市', '5.000000000000000000000000000000', '0.000000000000000000000000000000', '2.000000000000000000000000000000', '7.000000000000000000000000000000', '1.000000000000000000000000000000'), ('108.000000000000000000000000000000', '承德市', '5.000000000000000000000000000000', '0.000000000000000000000000000000', '2.000000000000000000000000000000', '8.000000000000000000000000000000', '1.000000000000000000000000000000'), ('109.000000000000000000000000000000', '沧州市', '5.000000000000000000000000000000', '0.000000000000000000000000000000', '2.000000000000000000000000000000', '9.000000000000000000000000000000', '1.000000000000000000000000000000'), ('110.000000000000000000000000000000', '廊坊市', '5.000000000000000000000000000000', '0.000000000000000000000000000000', '2.000000000000000000000000000000', '10.000000000000000000000000000000', '1.000000000000000000000000000000'), ('111.000000000000000000000000000000', '衡水市', '5.000000000000000000000000000000', '0.000000000000000000000000000000', '2.000000000000000000000000000000', '11.000000000000000000000000000000', '1.000000000000000000000000000000'), ('121.000000000000000000000000000000', '太原市', '6.000000000000000000000000000000', '0.000000000000000000000000000000', '2.000000000000000000000000000000', '1.000000000000000000000000000000', '1.000000000000000000000000000000'), ('122.000000000000000000000000000000', '大同市', '6.000000000000000000000000000000', '0.000000000000000000000000000000', '2.000000000000000000000000000000', '2.000000000000000000000000000000', '1.000000000000000000000000000000'), ('123.000000000000000000000000000000', '阳泉市', '6.000000000000000000000000000000', '0.000000000000000000000000000000', '2.000000000000000000000000000000', '3.000000000000000000000000000000', '1.000000000000000000000000000000'), ('124.000000000000000000000000000000', '长治市', '6.000000000000000000000000000000', '0.000000000000000000000000000000', '2.000000000000000000000000000000', '4.000000000000000000000000000000', '1.000000000000000000000000000000'), ('125.000000000000000000000000000000', '晋城市', '6.000000000000000000000000000000', '0.000000000000000000000000000000', '2.000000000000000000000000000000', '5.000000000000000000000000000000', '1.000000000000000000000000000000'), ('126.000000000000000000000000000000', '朔州市', '6.000000000000000000000000000000', '0.000000000000000000000000000000', '2.000000000000000000000000000000', '6.000000000000000000000000000000', '1.000000000000000000000000000000'), ('127.000000000000000000000000000000', '晋中市', '6.000000000000000000000000000000', '0.000000000000000000000000000000', '2.000000000000000000000000000000', '7.000000000000000000000000000000', '1.000000000000000000000000000000'), ('128.000000000000000000000000000000', '运城市', '6.000000000000000000000000000000', '0.000000000000000000000000000000', '2.000000000000000000000000000000', '8.000000000000000000000000000000', '1.000000000000000000000000000000'), ('129.000000000000000000000000000000', '忻州市', '6.000000000000000000000000000000', '0.000000000000000000000000000000', '2.000000000000000000000000000000', '9.000000000000000000000000000000', '1.000000000000000000000000000000'), ('130.000000000000000000000000000000', '临汾市', '6.000000000000000000000000000000', '0.000000000000000000000000000000', '2.000000000000000000000000000000', '10.000000000000000000000000000000', '1.000000000000000000000000000000'), ('131.000000000000000000000000000000', '吕梁市', '6.000000000000000000000000000000', '0.000000000000000000000000000000', '2.000000000000000000000000000000', '11.000000000000000000000000000000', '1.000000000000000000000000000000'), ('141.000000000000000000000000000000', '台北市', '7.000000000000000000000000000000', '0.000000000000000000000000000000', '2.000000000000000000000000000000', '1.000000000000000000000000000000', '1.000000000000000000000000000000'), ('142.000000000000000000000000000000', '高雄市', '7.000000000000000000000000000000', '0.000000000000000000000000000000', '2.000000000000000000000000000000', '2.000000000000000000000000000000', '1.000000000000000000000000000000'), ('143.000000000000000000000000000000', '基隆市', '7.000000000000000000000000000000', '0.000000000000000000000000000000', '2.000000000000000000000000000000', '3.000000000000000000000000000000', '1.000000000000000000000000000000'), ('144.000000000000000000000000000000', '台中市', '7.000000000000000000000000000000', '0.000000000000000000000000000000', '2.000000000000000000000000000000', '4.000000000000000000000000000000', '1.000000000000000000000000000000'), ('145.000000000000000000000000000000', '台南市', '7.000000000000000000000000000000', '0.000000000000000000000000000000', '2.000000000000000000000000000000', '5.000000000000000000000000000000', '1.000000000000000000000000000000'), ('146.000000000000000000000000000000', '新竹市', '7.000000000000000000000000000000', '0.000000000000000000000000000000', '2.000000000000000000000000000000', '6.000000000000000000000000000000', '1.000000000000000000000000000000'), ('147.000000000000000000000000000000', '嘉义市', '7.000000000000000000000000000000', '0.000000000000000000000000000000', '2.000000000000000000000000000000', '7.000000000000000000000000000000', '1.000000000000000000000000000000'), ('148.000000000000000000000000000000', '台北县', '7.000000000000000000000000000000', '0.000000000000000000000000000000', '2.000000000000000000000000000000', '8.000000000000000000000000000000', '1.000000000000000000000000000000'), ('149.000000000000000000000000000000', '宜兰县', '7.000000000000000000000000000000', '0.000000000000000000000000000000', '2.000000000000000000000000000000', '9.000000000000000000000000000000', '1.000000000000000000000000000000'), ('150.000000000000000000000000000000', '桃园县', '7.000000000000000000000000000000', '0.000000000000000000000000000000', '2.000000000000000000000000000000', '10.000000000000000000000000000000', '1.000000000000000000000000000000'), ('151.000000000000000000000000000000', '新竹县', '7.000000000000000000000000000000', '0.000000000000000000000000000000', '2.000000000000000000000000000000', '11.000000000000000000000000000000', '1.000000000000000000000000000000'), ('152.000000000000000000000000000000', '苗栗县', '7.000000000000000000000000000000', '0.000000000000000000000000000000', '2.000000000000000000000000000000', '12.000000000000000000000000000000', '1.000000000000000000000000000000'), ('153.000000000000000000000000000000', '台中县', '7.000000000000000000000000000000', '0.000000000000000000000000000000', '2.000000000000000000000000000000', '13.000000000000000000000000000000', '1.000000000000000000000000000000'), ('154.000000000000000000000000000000', '彰化县', '7.000000000000000000000000000000', '0.000000000000000000000000000000', '2.000000000000000000000000000000', '14.000000000000000000000000000000', '1.000000000000000000000000000000'), ('155.000000000000000000000000000000', '南投县', '7.000000000000000000000000000000', '0.000000000000000000000000000000', '2.000000000000000000000000000000', '15.000000000000000000000000000000', '1.000000000000000000000000000000'), ('156.000000000000000000000000000000', '云林县', '7.000000000000000000000000000000', '0.000000000000000000000000000000', '2.000000000000000000000000000000', '16.000000000000000000000000000000', '1.000000000000000000000000000000'), ('157.000000000000000000000000000000', '嘉义县', '7.000000000000000000000000000000', '0.000000000000000000000000000000', '2.000000000000000000000000000000', '17.000000000000000000000000000000', '1.000000000000000000000000000000'), ('158.000000000000000000000000000000', '台南县', '7.000000000000000000000000000000', '0.000000000000000000000000000000', '2.000000000000000000000000000000', '18.000000000000000000000000000000', '1.000000000000000000000000000000'), ('159.000000000000000000000000000000', '高雄县', '7.000000000000000000000000000000', '0.000000000000000000000000000000', '2.000000000000000000000000000000', '19.000000000000000000000000000000', '1.000000000000000000000000000000'), ('160.000000000000000000000000000000', '屏东县', '7.000000000000000000000000000000', '0.000000000000000000000000000000', '2.000000000000000000000000000000', '20.000000000000000000000000000000', '1.000000000000000000000000000000'), ('161.000000000000000000000000000000', '澎湖县', '7.000000000000000000000000000000', '0.000000000000000000000000000000', '2.000000000000000000000000000000', '21.000000000000000000000000000000', '1.000000000000000000000000000000'), ('162.000000000000000000000000000000', '台东县', '7.000000000000000000000000000000', '0.000000000000000000000000000000', '2.000000000000000000000000000000', '22.000000000000000000000000000000', '1.000000000000000000000000000000'), ('163.000000000000000000000000000000', '花莲县', '7.000000000000000000000000000000', '0.000000000000000000000000000000', '2.000000000000000000000000000000', '23.000000000000000000000000000000', '1.000000000000000000000000000000'), ('181.000000000000000000000000000000', '沈阳市', '8.000000000000000000000000000000', '0.000000000000000000000000000000', '2.000000000000000000000000000000', '1.000000000000000000000000000000', '1.000000000000000000000000000000'), ('182.000000000000000000000000000000', '大连市', '8.000000000000000000000000000000', '0.000000000000000000000000000000', '2.000000000000000000000000000000', '2.000000000000000000000000000000', '1.000000000000000000000000000000'), ('183.000000000000000000000000000000', '鞍山市', '8.000000000000000000000000000000', '0.000000000000000000000000000000', '2.000000000000000000000000000000', '3.000000000000000000000000000000', '1.000000000000000000000000000000'), ('184.000000000000000000000000000000', '抚顺市', '8.000000000000000000000000000000', '0.000000000000000000000000000000', '2.000000000000000000000000000000', '4.000000000000000000000000000000', '1.000000000000000000000000000000'), ('185.000000000000000000000000000000', '本溪市', '8.000000000000000000000000000000', '0.000000000000000000000000000000', '2.000000000000000000000000000000', '5.000000000000000000000000000000', '1.000000000000000000000000000000'), ('186.000000000000000000000000000000', '丹东市', '8.000000000000000000000000000000', '0.000000000000000000000000000000', '2.000000000000000000000000000000', '6.000000000000000000000000000000', '1.000000000000000000000000000000'), ('187.000000000000000000000000000000', '锦州市', '8.000000000000000000000000000000', '0.000000000000000000000000000000', '2.000000000000000000000000000000', '7.000000000000000000000000000000', '1.000000000000000000000000000000'), ('188.000000000000000000000000000000', '营口市', '8.000000000000000000000000000000', '0.000000000000000000000000000000', '2.000000000000000000000000000000', '8.000000000000000000000000000000', '1.000000000000000000000000000000'), ('189.000000000000000000000000000000', '阜新市', '8.000000000000000000000000000000', '0.000000000000000000000000000000', '2.000000000000000000000000000000', '9.000000000000000000000000000000', '1.000000000000000000000000000000'), ('190.000000000000000000000000000000', '辽阳市', '8.000000000000000000000000000000', '0.000000000000000000000000000000', '2.000000000000000000000000000000', '10.000000000000000000000000000000', '1.000000000000000000000000000000'), ('191.000000000000000000000000000000', '盘锦市', '8.000000000000000000000000000000', '0.000000000000000000000000000000', '2.000000000000000000000000000000', '11.000000000000000000000000000000', '1.000000000000000000000000000000'), ('192.000000000000000000000000000000', '铁岭市', '8.000000000000000000000000000000', '0.000000000000000000000000000000', '2.000000000000000000000000000000', '12.000000000000000000000000000000', '1.000000000000000000000000000000'), ('193.000000000000000000000000000000', '朝阳市', '8.000000000000000000000000000000', '0.000000000000000000000000000000', '2.000000000000000000000000000000', '13.000000000000000000000000000000', '1.000000000000000000000000000000'), ('194.000000000000000000000000000000', '葫芦岛市', '8.000000000000000000000000000000', '0.000000000000000000000000000000', '2.000000000000000000000000000000', '14.000000000000000000000000000000', '1.000000000000000000000000000000'), ('201.000000000000000000000000000000', '长春市', '9.000000000000000000000000000000', '0.000000000000000000000000000000', '2.000000000000000000000000000000', '1.000000000000000000000000000000', '1.000000000000000000000000000000'), ('202.000000000000000000000000000000', '吉林市', '9.000000000000000000000000000000', '0.000000000000000000000000000000', '2.000000000000000000000000000000', '2.000000000000000000000000000000', '1.000000000000000000000000000000'), ('203.000000000000000000000000000000', '四平市', '9.000000000000000000000000000000', '0.000000000000000000000000000000', '2.000000000000000000000000000000', '3.000000000000000000000000000000', '1.000000000000000000000000000000'), ('204.000000000000000000000000000000', '辽源市', '9.000000000000000000000000000000', '0.000000000000000000000000000000', '2.000000000000000000000000000000', '4.000000000000000000000000000000', '1.000000000000000000000000000000'), ('205.000000000000000000000000000000', '通化市', '9.000000000000000000000000000000', '0.000000000000000000000000000000', '2.000000000000000000000000000000', '5.000000000000000000000000000000', '1.000000000000000000000000000000'), ('206.000000000000000000000000000000', '白山市', '9.000000000000000000000000000000', '0.000000000000000000000000000000', '2.000000000000000000000000000000', '6.000000000000000000000000000000', '1.000000000000000000000000000000'), ('207.000000000000000000000000000000', '松原市', '9.000000000000000000000000000000', '0.000000000000000000000000000000', '2.000000000000000000000000000000', '7.000000000000000000000000000000', '1.000000000000000000000000000000'), ('208.000000000000000000000000000000', '白城市', '9.000000000000000000000000000000', '0.000000000000000000000000000000', '2.000000000000000000000000000000', '8.000000000000000000000000000000', '1.000000000000000000000000000000'), ('209.000000000000000000000000000000', '延边朝鲜族自治州', '9.000000000000000000000000000000', '0.000000000000000000000000000000', '2.000000000000000000000000000000', '9.000000000000000000000000000000', '1.000000000000000000000000000000'), ('221.000000000000000000000000000000', '哈尔滨市', '10.000000000000000000000000000000', '0.000000000000000000000000000000', '2.000000000000000000000000000000', '1.000000000000000000000000000000', '1.000000000000000000000000000000'), ('222.000000000000000000000000000000', '齐齐哈尔市', '10.000000000000000000000000000000', '0.000000000000000000000000000000', '2.000000000000000000000000000000', '2.000000000000000000000000000000', '1.000000000000000000000000000000'), ('223.000000000000000000000000000000', '鹤 岗 市', '10.000000000000000000000000000000', '0.000000000000000000000000000000', '2.000000000000000000000000000000', '3.000000000000000000000000000000', '1.000000000000000000000000000000'), ('224.000000000000000000000000000000', '双鸭山市', '10.000000000000000000000000000000', '0.000000000000000000000000000000', '2.000000000000000000000000000000', '4.000000000000000000000000000000', '1.000000000000000000000000000000'), ('225.000000000000000000000000000000', '鸡 西 市', '10.000000000000000000000000000000', '0.000000000000000000000000000000', '2.000000000000000000000000000000', '5.000000000000000000000000000000', '1.000000000000000000000000000000'), ('226.000000000000000000000000000000', '大 庆 市', '10.000000000000000000000000000000', '0.000000000000000000000000000000', '2.000000000000000000000000000000', '6.000000000000000000000000000000', '1.000000000000000000000000000000'), ('227.000000000000000000000000000000', '伊 春 市', '10.000000000000000000000000000000', '0.000000000000000000000000000000', '2.000000000000000000000000000000', '7.000000000000000000000000000000', '1.000000000000000000000000000000'), ('228.000000000000000000000000000000', '牡丹江市', '10.000000000000000000000000000000', '0.000000000000000000000000000000', '2.000000000000000000000000000000', '8.000000000000000000000000000000', '1.000000000000000000000000000000'), ('229.000000000000000000000000000000', '佳木斯市', '10.000000000000000000000000000000', '0.000000000000000000000000000000', '2.000000000000000000000000000000', '9.000000000000000000000000000000', '1.000000000000000000000000000000'), ('230.000000000000000000000000000000', '七台河市', '10.000000000000000000000000000000', '0.000000000000000000000000000000', '2.000000000000000000000000000000', '10.000000000000000000000000000000', '1.000000000000000000000000000000'), ('231.000000000000000000000000000000', '黑 河 市', '10.000000000000000000000000000000', '0.000000000000000000000000000000', '2.000000000000000000000000000000', '11.000000000000000000000000000000', '1.000000000000000000000000000000'), ('232.000000000000000000000000000000', '绥 化 市', '10.000000000000000000000000000000', '0.000000000000000000000000000000', '2.000000000000000000000000000000', '12.000000000000000000000000000000', '1.000000000000000000000000000000'), ('233.000000000000000000000000000000', '大兴安岭地区', '10.000000000000000000000000000000', '0.000000000000000000000000000000', '2.000000000000000000000000000000', '13.000000000000000000000000000000', '1.000000000000000000000000000000'), ('241.000000000000000000000000000000', '南京市', '11.000000000000000000000000000000', '0.000000000000000000000000000000', '2.000000000000000000000000000000', '1.000000000000000000000000000000', '1.000000000000000000000000000000'), ('242.000000000000000000000000000000', '无锡市', '11.000000000000000000000000000000', '0.000000000000000000000000000000', '2.000000000000000000000000000000', '2.000000000000000000000000000000', '1.000000000000000000000000000000'), ('243.000000000000000000000000000000', '徐州市', '11.000000000000000000000000000000', '0.000000000000000000000000000000', '2.000000000000000000000000000000', '3.000000000000000000000000000000', '1.000000000000000000000000000000'), ('244.000000000000000000000000000000', '常州市', '11.000000000000000000000000000000', '0.000000000000000000000000000000', '2.000000000000000000000000000000', '4.000000000000000000000000000000', '1.000000000000000000000000000000'), ('245.000000000000000000000000000000', '苏州市', '11.000000000000000000000000000000', '0.000000000000000000000000000000', '2.000000000000000000000000000000', '5.000000000000000000000000000000', '1.000000000000000000000000000000'), ('246.000000000000000000000000000000', '南通市', '11.000000000000000000000000000000', '0.000000000000000000000000000000', '2.000000000000000000000000000000', '6.000000000000000000000000000000', '1.000000000000000000000000000000'), ('247.000000000000000000000000000000', '连云港市', '11.000000000000000000000000000000', '0.000000000000000000000000000000', '2.000000000000000000000000000000', '7.000000000000000000000000000000', '1.000000000000000000000000000000'), ('248.000000000000000000000000000000', '淮安市', '11.000000000000000000000000000000', '0.000000000000000000000000000000', '2.000000000000000000000000000000', '8.000000000000000000000000000000', '1.000000000000000000000000000000'), ('249.000000000000000000000000000000', '盐城市', '11.000000000000000000000000000000', '0.000000000000000000000000000000', '2.000000000000000000000000000000', '9.000000000000000000000000000000', '1.000000000000000000000000000000'), ('250.000000000000000000000000000000', '扬州市', '11.000000000000000000000000000000', '0.000000000000000000000000000000', '2.000000000000000000000000000000', '10.000000000000000000000000000000', '1.000000000000000000000000000000'), ('251.000000000000000000000000000000', '镇江市', '11.000000000000000000000000000000', '0.000000000000000000000000000000', '2.000000000000000000000000000000', '11.000000000000000000000000000000', '1.000000000000000000000000000000'), ('252.000000000000000000000000000000', '泰州市', '11.000000000000000000000000000000', '0.000000000000000000000000000000', '2.000000000000000000000000000000', '12.000000000000000000000000000000', '1.000000000000000000000000000000'), ('253.000000000000000000000000000000', '宿迁市', '11.000000000000000000000000000000', '0.000000000000000000000000000000', '2.000000000000000000000000000000', '13.000000000000000000000000000000', '1.000000000000000000000000000000'), ('281.000000000000000000000000000000', '杭州市', '12.000000000000000000000000000000', '0.000000000000000000000000000000', '2.000000000000000000000000000000', '1.000000000000000000000000000000', '1.000000000000000000000000000000'), ('282.000000000000000000000000000000', '宁波市', '12.000000000000000000000000000000', '0.000000000000000000000000000000', '2.000000000000000000000000000000', '2.000000000000000000000000000000', '1.000000000000000000000000000000'), ('283.000000000000000000000000000000', '温州市', '12.000000000000000000000000000000', '0.000000000000000000000000000000', '2.000000000000000000000000000000', '3.000000000000000000000000000000', '1.000000000000000000000000000000'), ('284.000000000000000000000000000000', '嘉兴市', '12.000000000000000000000000000000', '0.000000000000000000000000000000', '2.000000000000000000000000000000', '4.000000000000000000000000000000', '1.000000000000000000000000000000'), ('285.000000000000000000000000000000', '湖州市', '12.000000000000000000000000000000', '0.000000000000000000000000000000', '2.000000000000000000000000000000', '5.000000000000000000000000000000', '1.000000000000000000000000000000'), ('286.000000000000000000000000000000', '绍兴市', '12.000000000000000000000000000000', '0.000000000000000000000000000000', '2.000000000000000000000000000000', '6.000000000000000000000000000000', '1.000000000000000000000000000000'), ('287.000000000000000000000000000000', '金华市', '12.000000000000000000000000000000', '0.000000000000000000000000000000', '2.000000000000000000000000000000', '7.000000000000000000000000000000', '1.000000000000000000000000000000'), ('288.000000000000000000000000000000', '衢州市', '12.000000000000000000000000000000', '0.000000000000000000000000000000', '2.000000000000000000000000000000', '8.000000000000000000000000000000', '1.000000000000000000000000000000'), ('289.000000000000000000000000000000', '舟山市', '12.000000000000000000000000000000', '0.000000000000000000000000000000', '2.000000000000000000000000000000', '9.000000000000000000000000000000', '1.000000000000000000000000000000'), ('290.000000000000000000000000000000', '台州市', '12.000000000000000000000000000000', '0.000000000000000000000000000000', '2.000000000000000000000000000000', '10.000000000000000000000000000000', '1.000000000000000000000000000000'), ('291.000000000000000000000000000000', '丽水市', '12.000000000000000000000000000000', '0.000000000000000000000000000000', '2.000000000000000000000000000000', '11.000000000000000000000000000000', '1.000000000000000000000000000000'), ('301.000000000000000000000000000000', '合肥市', '13.000000000000000000000000000000', '0.000000000000000000000000000000', '2.000000000000000000000000000000', '1.000000000000000000000000000000', '1.000000000000000000000000000000'), ('302.000000000000000000000000000000', '芜湖市', '13.000000000000000000000000000000', '0.000000000000000000000000000000', '2.000000000000000000000000000000', '2.000000000000000000000000000000', '1.000000000000000000000000000000'), ('303.000000000000000000000000000000', '蚌埠市', '13.000000000000000000000000000000', '0.000000000000000000000000000000', '2.000000000000000000000000000000', '3.000000000000000000000000000000', '1.000000000000000000000000000000'), ('304.000000000000000000000000000000', '淮南市', '13.000000000000000000000000000000', '0.000000000000000000000000000000', '2.000000000000000000000000000000', '4.000000000000000000000000000000', '1.000000000000000000000000000000'), ('305.000000000000000000000000000000', '马鞍山市', '13.000000000000000000000000000000', '0.000000000000000000000000000000', '2.000000000000000000000000000000', '5.000000000000000000000000000000', '1.000000000000000000000000000000'), ('306.000000000000000000000000000000', '淮北市', '13.000000000000000000000000000000', '0.000000000000000000000000000000', '2.000000000000000000000000000000', '6.000000000000000000000000000000', '1.000000000000000000000000000000'), ('307.000000000000000000000000000000', '铜陵市', '13.000000000000000000000000000000', '0.000000000000000000000000000000', '2.000000000000000000000000000000', '7.000000000000000000000000000000', '1.000000000000000000000000000000'), ('308.000000000000000000000000000000', '安庆市', '13.000000000000000000000000000000', '0.000000000000000000000000000000', '2.000000000000000000000000000000', '8.000000000000000000000000000000', '1.000000000000000000000000000000'), ('309.000000000000000000000000000000', '黄山市', '13.000000000000000000000000000000', '0.000000000000000000000000000000', '2.000000000000000000000000000000', '9.000000000000000000000000000000', '1.000000000000000000000000000000'), ('310.000000000000000000000000000000', '滁州市', '13.000000000000000000000000000000', '0.000000000000000000000000000000', '2.000000000000000000000000000000', '10.000000000000000000000000000000', '1.000000000000000000000000000000'), ('311.000000000000000000000000000000', '阜阳市', '13.000000000000000000000000000000', '0.000000000000000000000000000000', '2.000000000000000000000000000000', '11.000000000000000000000000000000', '1.000000000000000000000000000000'), ('312.000000000000000000000000000000', '宿州市', '13.000000000000000000000000000000', '0.000000000000000000000000000000', '2.000000000000000000000000000000', '12.000000000000000000000000000000', '1.000000000000000000000000000000'), ('313.000000000000000000000000000000', '巢湖市', '13.000000000000000000000000000000', '0.000000000000000000000000000000', '2.000000000000000000000000000000', '13.000000000000000000000000000000', '1.000000000000000000000000000000'), ('314.000000000000000000000000000000', '六安市', '13.000000000000000000000000000000', '0.000000000000000000000000000000', '2.000000000000000000000000000000', '14.000000000000000000000000000000', '1.000000000000000000000000000000'), ('315.000000000000000000000000000000', '亳州市', '13.000000000000000000000000000000', '0.000000000000000000000000000000', '2.000000000000000000000000000000', '15.000000000000000000000000000000', '1.000000000000000000000000000000'), ('316.000000000000000000000000000000', '池州市', '13.000000000000000000000000000000', '0.000000000000000000000000000000', '2.000000000000000000000000000000', '16.000000000000000000000000000000', '1.000000000000000000000000000000'), ('317.000000000000000000000000000000', '宣城市', '13.000000000000000000000000000000', '0.000000000000000000000000000000', '2.000000000000000000000000000000', '17.000000000000000000000000000000', '1.000000000000000000000000000000'), ('321.000000000000000000000000000000', '福州市', '14.000000000000000000000000000000', '0.000000000000000000000000000000', '2.000000000000000000000000000000', '1.000000000000000000000000000000', '1.000000000000000000000000000000'), ('322.000000000000000000000000000000', '厦门市', '14.000000000000000000000000000000', '0.000000000000000000000000000000', '2.000000000000000000000000000000', '2.000000000000000000000000000000', '1.000000000000000000000000000000'), ('323.000000000000000000000000000000', '莆田市', '14.000000000000000000000000000000', '0.000000000000000000000000000000', '2.000000000000000000000000000000', '3.000000000000000000000000000000', '1.000000000000000000000000000000'), ('324.000000000000000000000000000000', '三明市', '14.000000000000000000000000000000', '0.000000000000000000000000000000', '2.000000000000000000000000000000', '4.000000000000000000000000000000', '1.000000000000000000000000000000'), ('325.000000000000000000000000000000', '泉州市', '14.000000000000000000000000000000', '0.000000000000000000000000000000', '2.000000000000000000000000000000', '5.000000000000000000000000000000', '1.000000000000000000000000000000'), ('326.000000000000000000000000000000', '漳州市', '14.000000000000000000000000000000', '0.000000000000000000000000000000', '2.000000000000000000000000000000', '6.000000000000000000000000000000', '1.000000000000000000000000000000'), ('327.000000000000000000000000000000', '南平市', '14.000000000000000000000000000000', '0.000000000000000000000000000000', '2.000000000000000000000000000000', '7.000000000000000000000000000000', '1.000000000000000000000000000000'), ('328.000000000000000000000000000000', '龙岩市', '14.000000000000000000000000000000', '0.000000000000000000000000000000', '2.000000000000000000000000000000', '8.000000000000000000000000000000', '1.000000000000000000000000000000'), ('329.000000000000000000000000000000', '宁德市', '14.000000000000000000000000000000', '0.000000000000000000000000000000', '2.000000000000000000000000000000', '9.000000000000000000000000000000', '1.000000000000000000000000000000'), ('341.000000000000000000000000000000', '南昌市', '15.000000000000000000000000000000', '0.000000000000000000000000000000', '2.000000000000000000000000000000', '1.000000000000000000000000000000', '1.000000000000000000000000000000'), ('342.000000000000000000000000000000', '景德镇市', '15.000000000000000000000000000000', '0.000000000000000000000000000000', '2.000000000000000000000000000000', '2.000000000000000000000000000000', '1.000000000000000000000000000000'), ('343.000000000000000000000000000000', '萍乡市', '15.000000000000000000000000000000', '0.000000000000000000000000000000', '2.000000000000000000000000000000', '3.000000000000000000000000000000', '1.000000000000000000000000000000'), ('344.000000000000000000000000000000', '九江市', '15.000000000000000000000000000000', '0.000000000000000000000000000000', '2.000000000000000000000000000000', '4.000000000000000000000000000000', '1.000000000000000000000000000000'), ('345.000000000000000000000000000000', '新余市', '15.000000000000000000000000000000', '0.000000000000000000000000000000', '2.000000000000000000000000000000', '5.000000000000000000000000000000', '1.000000000000000000000000000000'), ('346.000000000000000000000000000000', '鹰潭市', '15.000000000000000000000000000000', '0.000000000000000000000000000000', '2.000000000000000000000000000000', '6.000000000000000000000000000000', '1.000000000000000000000000000000'), ('347.000000000000000000000000000000', '赣州市', '15.000000000000000000000000000000', '0.000000000000000000000000000000', '2.000000000000000000000000000000', '7.000000000000000000000000000000', '1.000000000000000000000000000000'), ('348.000000000000000000000000000000', '吉安市', '15.000000000000000000000000000000', '0.000000000000000000000000000000', '2.000000000000000000000000000000', '8.000000000000000000000000000000', '1.000000000000000000000000000000'), ('349.000000000000000000000000000000', '宜春市', '15.000000000000000000000000000000', '0.000000000000000000000000000000', '2.000000000000000000000000000000', '9.000000000000000000000000000000', '1.000000000000000000000000000000'), ('350.000000000000000000000000000000', '抚州市', '15.000000000000000000000000000000', '0.000000000000000000000000000000', '2.000000000000000000000000000000', '10.000000000000000000000000000000', '1.000000000000000000000000000000'), ('351.000000000000000000000000000000', '上饶市', '15.000000000000000000000000000000', '0.000000000000000000000000000000', '2.000000000000000000000000000000', '11.000000000000000000000000000000', '1.000000000000000000000000000000'), ('361.000000000000000000000000000000', '济南市', '16.000000000000000000000000000000', '0.000000000000000000000000000000', '2.000000000000000000000000000000', '1.000000000000000000000000000000', '1.000000000000000000000000000000'), ('362.000000000000000000000000000000', '青岛市', '16.000000000000000000000000000000', '0.000000000000000000000000000000', '2.000000000000000000000000000000', '2.000000000000000000000000000000', '1.000000000000000000000000000000'), ('363.000000000000000000000000000000', '淄博市', '16.000000000000000000000000000000', '0.000000000000000000000000000000', '2.000000000000000000000000000000', '3.000000000000000000000000000000', '1.000000000000000000000000000000'), ('364.000000000000000000000000000000', '枣庄市', '16.000000000000000000000000000000', '0.000000000000000000000000000000', '2.000000000000000000000000000000', '4.000000000000000000000000000000', '1.000000000000000000000000000000'), ('365.000000000000000000000000000000', '东营市', '16.000000000000000000000000000000', '0.000000000000000000000000000000', '2.000000000000000000000000000000', '5.000000000000000000000000000000', '1.000000000000000000000000000000'), ('366.000000000000000000000000000000', '烟台市', '16.000000000000000000000000000000', '0.000000000000000000000000000000', '2.000000000000000000000000000000', '6.000000000000000000000000000000', '1.000000000000000000000000000000'), ('367.000000000000000000000000000000', '潍坊市', '16.000000000000000000000000000000', '0.000000000000000000000000000000', '2.000000000000000000000000000000', '7.000000000000000000000000000000', '1.000000000000000000000000000000'), ('368.000000000000000000000000000000', '济宁市', '16.000000000000000000000000000000', '0.000000000000000000000000000000', '2.000000000000000000000000000000', '8.000000000000000000000000000000', '1.000000000000000000000000000000'), ('369.000000000000000000000000000000', '泰安市', '16.000000000000000000000000000000', '0.000000000000000000000000000000', '2.000000000000000000000000000000', '9.000000000000000000000000000000', '1.000000000000000000000000000000'), ('370.000000000000000000000000000000', '威海市', '16.000000000000000000000000000000', '0.000000000000000000000000000000', '2.000000000000000000000000000000', '10.000000000000000000000000000000', '1.000000000000000000000000000000'), ('371.000000000000000000000000000000', '日照市', '16.000000000000000000000000000000', '0.000000000000000000000000000000', '2.000000000000000000000000000000', '11.000000000000000000000000000000', '1.000000000000000000000000000000'), ('372.000000000000000000000000000000', '莱芜市', '16.000000000000000000000000000000', '0.000000000000000000000000000000', '2.000000000000000000000000000000', '12.000000000000000000000000000000', '1.000000000000000000000000000000'), ('373.000000000000000000000000000000', '临沂市', '16.000000000000000000000000000000', '0.000000000000000000000000000000', '2.000000000000000000000000000000', '13.000000000000000000000000000000', '1.000000000000000000000000000000'), ('374.000000000000000000000000000000', '德州市', '16.000000000000000000000000000000', '0.000000000000000000000000000000', '2.000000000000000000000000000000', '14.000000000000000000000000000000', '1.000000000000000000000000000000'), ('375.000000000000000000000000000000', '聊城市', '16.000000000000000000000000000000', '0.000000000000000000000000000000', '2.000000000000000000000000000000', '15.000000000000000000000000000000', '1.000000000000000000000000000000'), ('376.000000000000000000000000000000', '滨州市', '16.000000000000000000000000000000', '0.000000000000000000000000000000', '2.000000000000000000000000000000', '16.000000000000000000000000000000', '1.000000000000000000000000000000'), ('377.000000000000000000000000000000', '菏泽市', '16.000000000000000000000000000000', '0.000000000000000000000000000000', '2.000000000000000000000000000000', '17.000000000000000000000000000000', '1.000000000000000000000000000000'), ('401.000000000000000000000000000000', '郑州市', '17.000000000000000000000000000000', '0.000000000000000000000000000000', '2.000000000000000000000000000000', '1.000000000000000000000000000000', '1.000000000000000000000000000000'), ('402.000000000000000000000000000000', '开封市', '17.000000000000000000000000000000', '0.000000000000000000000000000000', '2.000000000000000000000000000000', '2.000000000000000000000000000000', '1.000000000000000000000000000000'), ('403.000000000000000000000000000000', '洛阳市', '17.000000000000000000000000000000', '0.000000000000000000000000000000', '2.000000000000000000000000000000', '3.000000000000000000000000000000', '1.000000000000000000000000000000'), ('404.000000000000000000000000000000', '平顶山市', '17.000000000000000000000000000000', '0.000000000000000000000000000000', '2.000000000000000000000000000000', '4.000000000000000000000000000000', '1.000000000000000000000000000000'), ('405.000000000000000000000000000000', '安阳市', '17.000000000000000000000000000000', '0.000000000000000000000000000000', '2.000000000000000000000000000000', '5.000000000000000000000000000000', '1.000000000000000000000000000000'), ('406.000000000000000000000000000000', '鹤壁市', '17.000000000000000000000000000000', '0.000000000000000000000000000000', '2.000000000000000000000000000000', '6.000000000000000000000000000000', '1.000000000000000000000000000000'), ('407.000000000000000000000000000000', '新乡市', '17.000000000000000000000000000000', '0.000000000000000000000000000000', '2.000000000000000000000000000000', '7.000000000000000000000000000000', '1.000000000000000000000000000000'), ('408.000000000000000000000000000000', '焦作市', '17.000000000000000000000000000000', '0.000000000000000000000000000000', '2.000000000000000000000000000000', '8.000000000000000000000000000000', '1.000000000000000000000000000000'), ('409.000000000000000000000000000000', '濮阳市', '17.000000000000000000000000000000', '0.000000000000000000000000000000', '2.000000000000000000000000000000', '9.000000000000000000000000000000', '1.000000000000000000000000000000'), ('410.000000000000000000000000000000', '许昌市', '17.000000000000000000000000000000', '0.000000000000000000000000000000', '2.000000000000000000000000000000', '10.000000000000000000000000000000', '1.000000000000000000000000000000'), ('411.000000000000000000000000000000', '漯河市', '17.000000000000000000000000000000', '0.000000000000000000000000000000', '2.000000000000000000000000000000', '11.000000000000000000000000000000', '1.000000000000000000000000000000'), ('412.000000000000000000000000000000', '三门峡市', '17.000000000000000000000000000000', '0.000000000000000000000000000000', '2.000000000000000000000000000000', '12.000000000000000000000000000000', '1.000000000000000000000000000000'), ('413.000000000000000000000000000000', '南阳市', '17.000000000000000000000000000000', '0.000000000000000000000000000000', '2.000000000000000000000000000000', '13.000000000000000000000000000000', '1.000000000000000000000000000000'), ('414.000000000000000000000000000000', '商丘市', '17.000000000000000000000000000000', '0.000000000000000000000000000000', '2.000000000000000000000000000000', '14.000000000000000000000000000000', '1.000000000000000000000000000000'), ('415.000000000000000000000000000000', '信阳市', '17.000000000000000000000000000000', '0.000000000000000000000000000000', '2.000000000000000000000000000000', '15.000000000000000000000000000000', '1.000000000000000000000000000000'), ('416.000000000000000000000000000000', '周口市', '17.000000000000000000000000000000', '0.000000000000000000000000000000', '2.000000000000000000000000000000', '16.000000000000000000000000000000', '1.000000000000000000000000000000'), ('417.000000000000000000000000000000', '驻马店市', '17.000000000000000000000000000000', '0.000000000000000000000000000000', '2.000000000000000000000000000000', '17.000000000000000000000000000000', '1.000000000000000000000000000000'), ('418.000000000000000000000000000000', '济源市', '17.000000000000000000000000000000', '0.000000000000000000000000000000', '2.000000000000000000000000000000', '18.000000000000000000000000000000', '1.000000000000000000000000000000'), ('421.000000000000000000000000000000', '武汉市', '18.000000000000000000000000000000', '0.000000000000000000000000000000', '2.000000000000000000000000000000', '1.000000000000000000000000000000', '1.000000000000000000000000000000'), ('422.000000000000000000000000000000', '黄石市', '18.000000000000000000000000000000', '0.000000000000000000000000000000', '2.000000000000000000000000000000', '2.000000000000000000000000000000', '1.000000000000000000000000000000'), ('423.000000000000000000000000000000', '十堰市', '18.000000000000000000000000000000', '0.000000000000000000000000000000', '2.000000000000000000000000000000', '3.000000000000000000000000000000', '1.000000000000000000000000000000'), ('424.000000000000000000000000000000', '荆州市', '18.000000000000000000000000000000', '0.000000000000000000000000000000', '2.000000000000000000000000000000', '4.000000000000000000000000000000', '1.000000000000000000000000000000'), ('425.000000000000000000000000000000', '宜昌市', '18.000000000000000000000000000000', '0.000000000000000000000000000000', '2.000000000000000000000000000000', '5.000000000000000000000000000000', '1.000000000000000000000000000000'), ('426.000000000000000000000000000000', '襄樊市', '18.000000000000000000000000000000', '0.000000000000000000000000000000', '2.000000000000000000000000000000', '6.000000000000000000000000000000', '1.000000000000000000000000000000'), ('427.000000000000000000000000000000', '鄂州市', '18.000000000000000000000000000000', '0.000000000000000000000000000000', '2.000000000000000000000000000000', '7.000000000000000000000000000000', '1.000000000000000000000000000000'), ('428.000000000000000000000000000000', '荆门市', '18.000000000000000000000000000000', '0.000000000000000000000000000000', '2.000000000000000000000000000000', '8.000000000000000000000000000000', '1.000000000000000000000000000000'), ('429.000000000000000000000000000000', '孝感市', '18.000000000000000000000000000000', '0.000000000000000000000000000000', '2.000000000000000000000000000000', '9.000000000000000000000000000000', '1.000000000000000000000000000000'), ('430.000000000000000000000000000000', '黄冈市', '18.000000000000000000000000000000', '0.000000000000000000000000000000', '2.000000000000000000000000000000', '10.000000000000000000000000000000', '1.000000000000000000000000000000'), ('431.000000000000000000000000000000', '咸宁市', '18.000000000000000000000000000000', '0.000000000000000000000000000000', '2.000000000000000000000000000000', '11.000000000000000000000000000000', '1.000000000000000000000000000000'), ('432.000000000000000000000000000000', '随州市', '18.000000000000000000000000000000', '0.000000000000000000000000000000', '2.000000000000000000000000000000', '12.000000000000000000000000000000', '1.000000000000000000000000000000'), ('433.000000000000000000000000000000', '仙桃市', '18.000000000000000000000000000000', '0.000000000000000000000000000000', '2.000000000000000000000000000000', '13.000000000000000000000000000000', '1.000000000000000000000000000000'), ('434.000000000000000000000000000000', '天门市', '18.000000000000000000000000000000', '0.000000000000000000000000000000', '2.000000000000000000000000000000', '14.000000000000000000000000000000', '1.000000000000000000000000000000'), ('435.000000000000000000000000000000', '潜江市', '18.000000000000000000000000000000', '0.000000000000000000000000000000', '2.000000000000000000000000000000', '15.000000000000000000000000000000', '1.000000000000000000000000000000'), ('436.000000000000000000000000000000', '神农架林区', '18.000000000000000000000000000000', '0.000000000000000000000000000000', '2.000000000000000000000000000000', '16.000000000000000000000000000000', '1.000000000000000000000000000000'), ('437.000000000000000000000000000000', '恩施土家族苗族自治州', '18.000000000000000000000000000000', '0.000000000000000000000000000000', '2.000000000000000000000000000000', '17.000000000000000000000000000000', '1.000000000000000000000000000000'), ('441.000000000000000000000000000000', '长沙市', '19.000000000000000000000000000000', '0.000000000000000000000000000000', '2.000000000000000000000000000000', '1.000000000000000000000000000000', '1.000000000000000000000000000000'), ('442.000000000000000000000000000000', '株洲市', '19.000000000000000000000000000000', '0.000000000000000000000000000000', '2.000000000000000000000000000000', '2.000000000000000000000000000000', '1.000000000000000000000000000000'), ('443.000000000000000000000000000000', '湘潭市', '19.000000000000000000000000000000', '0.000000000000000000000000000000', '2.000000000000000000000000000000', '3.000000000000000000000000000000', '1.000000000000000000000000000000'), ('444.000000000000000000000000000000', '衡阳市', '19.000000000000000000000000000000', '0.000000000000000000000000000000', '2.000000000000000000000000000000', '4.000000000000000000000000000000', '1.000000000000000000000000000000'), ('445.000000000000000000000000000000', '邵阳市', '19.000000000000000000000000000000', '0.000000000000000000000000000000', '2.000000000000000000000000000000', '5.000000000000000000000000000000', '1.000000000000000000000000000000'), ('446.000000000000000000000000000000', '岳阳市', '19.000000000000000000000000000000', '0.000000000000000000000000000000', '2.000000000000000000000000000000', '6.000000000000000000000000000000', '1.000000000000000000000000000000'), ('447.000000000000000000000000000000', '常德市', '19.000000000000000000000000000000', '0.000000000000000000000000000000', '2.000000000000000000000000000000', '7.000000000000000000000000000000', '1.000000000000000000000000000000'), ('448.000000000000000000000000000000', '张家界市', '19.000000000000000000000000000000', '0.000000000000000000000000000000', '2.000000000000000000000000000000', '8.000000000000000000000000000000', '1.000000000000000000000000000000'), ('449.000000000000000000000000000000', '益阳市', '19.000000000000000000000000000000', '0.000000000000000000000000000000', '2.000000000000000000000000000000', '9.000000000000000000000000000000', '1.000000000000000000000000000000'), ('450.000000000000000000000000000000', '郴州市', '19.000000000000000000000000000000', '0.000000000000000000000000000000', '2.000000000000000000000000000000', '10.000000000000000000000000000000', '1.000000000000000000000000000000'), ('451.000000000000000000000000000000', '永州市', '19.000000000000000000000000000000', '0.000000000000000000000000000000', '2.000000000000000000000000000000', '11.000000000000000000000000000000', '1.000000000000000000000000000000'), ('452.000000000000000000000000000000', '怀化市', '19.000000000000000000000000000000', '0.000000000000000000000000000000', '2.000000000000000000000000000000', '12.000000000000000000000000000000', '1.000000000000000000000000000000'), ('453.000000000000000000000000000000', '娄底市', '19.000000000000000000000000000000', '0.000000000000000000000000000000', '2.000000000000000000000000000000', '13.000000000000000000000000000000', '1.000000000000000000000000000000'), ('454.000000000000000000000000000000', '湘西土家族苗族自治州', '19.000000000000000000000000000000', '0.000000000000000000000000000000', '2.000000000000000000000000000000', '14.000000000000000000000000000000', '1.000000000000000000000000000000'), ('455.000000000000000000000000000000', '广州市', '20.000000000000000000000000000000', '0.000000000000000000000000000000', '2.000000000000000000000000000000', '1.000000000000000000000000000000', '1.000000000000000000000000000000'), ('456.000000000000000000000000000000', '深圳市', '20.000000000000000000000000000000', '0.000000000000000000000000000000', '2.000000000000000000000000000000', '2.000000000000000000000000000000', '1.000000000000000000000000000000'), ('457.000000000000000000000000000000', '珠海市', '20.000000000000000000000000000000', '0.000000000000000000000000000000', '2.000000000000000000000000000000', '3.000000000000000000000000000000', '1.000000000000000000000000000000'), ('458.000000000000000000000000000000', '汕头市', '20.000000000000000000000000000000', '0.000000000000000000000000000000', '2.000000000000000000000000000000', '4.000000000000000000000000000000', '1.000000000000000000000000000000'), ('459.000000000000000000000000000000', '韶关市', '20.000000000000000000000000000000', '0.000000000000000000000000000000', '2.000000000000000000000000000000', '5.000000000000000000000000000000', '1.000000000000000000000000000000'), ('460.000000000000000000000000000000', '佛山市', '20.000000000000000000000000000000', '0.000000000000000000000000000000', '2.000000000000000000000000000000', '6.000000000000000000000000000000', '1.000000000000000000000000000000'), ('461.000000000000000000000000000000', '江门市', '20.000000000000000000000000000000', '0.000000000000000000000000000000', '2.000000000000000000000000000000', '7.000000000000000000000000000000', '1.000000000000000000000000000000'), ('462.000000000000000000000000000000', '湛江市', '20.000000000000000000000000000000', '0.000000000000000000000000000000', '2.000000000000000000000000000000', '8.000000000000000000000000000000', '1.000000000000000000000000000000'), ('463.000000000000000000000000000000', '茂名市', '20.000000000000000000000000000000', '0.000000000000000000000000000000', '2.000000000000000000000000000000', '9.000000000000000000000000000000', '1.000000000000000000000000000000'), ('464.000000000000000000000000000000', '肇庆市', '20.000000000000000000000000000000', '0.000000000000000000000000000000', '2.000000000000000000000000000000', '10.000000000000000000000000000000', '1.000000000000000000000000000000'), ('465.000000000000000000000000000000', '惠州市', '20.000000000000000000000000000000', '0.000000000000000000000000000000', '2.000000000000000000000000000000', '11.000000000000000000000000000000', '1.000000000000000000000000000000'), ('466.000000000000000000000000000000', '梅州市', '20.000000000000000000000000000000', '0.000000000000000000000000000000', '2.000000000000000000000000000000', '12.000000000000000000000000000000', '1.000000000000000000000000000000'), ('467.000000000000000000000000000000', '汕尾市', '20.000000000000000000000000000000', '0.000000000000000000000000000000', '2.000000000000000000000000000000', '13.000000000000000000000000000000', '1.000000000000000000000000000000'), ('468.000000000000000000000000000000', '河源市', '20.000000000000000000000000000000', '0.000000000000000000000000000000', '2.000000000000000000000000000000', '14.000000000000000000000000000000', '1.000000000000000000000000000000'), ('469.000000000000000000000000000000', '阳江市', '20.000000000000000000000000000000', '0.000000000000000000000000000000', '2.000000000000000000000000000000', '15.000000000000000000000000000000', '1.000000000000000000000000000000'), ('470.000000000000000000000000000000', '清远市', '20.000000000000000000000000000000', '0.000000000000000000000000000000', '2.000000000000000000000000000000', '16.000000000000000000000000000000', '1.000000000000000000000000000000'), ('471.000000000000000000000000000000', '兰州市', '21.000000000000000000000000000000', '0.000000000000000000000000000000', '2.000000000000000000000000000000', '1.000000000000000000000000000000', '1.000000000000000000000000000000'), ('472.000000000000000000000000000000', '金昌市', '21.000000000000000000000000000000', '0.000000000000000000000000000000', '2.000000000000000000000000000000', '2.000000000000000000000000000000', '1.000000000000000000000000000000'), ('473.000000000000000000000000000000', '白银市', '21.000000000000000000000000000000', '0.000000000000000000000000000000', '2.000000000000000000000000000000', '3.000000000000000000000000000000', '1.000000000000000000000000000000'), ('474.000000000000000000000000000000', '天水市', '21.000000000000000000000000000000', '0.000000000000000000000000000000', '2.000000000000000000000000000000', '4.000000000000000000000000000000', '1.000000000000000000000000000000'), ('475.000000000000000000000000000000', '嘉峪关市', '21.000000000000000000000000000000', '0.000000000000000000000000000000', '2.000000000000000000000000000000', '5.000000000000000000000000000000', '1.000000000000000000000000000000'), ('476.000000000000000000000000000000', '武威市', '21.000000000000000000000000000000', '0.000000000000000000000000000000', '2.000000000000000000000000000000', '6.000000000000000000000000000000', '1.000000000000000000000000000000'), ('477.000000000000000000000000000000', '张掖市', '21.000000000000000000000000000000', '0.000000000000000000000000000000', '2.000000000000000000000000000000', '7.000000000000000000000000000000', '1.000000000000000000000000000000'), ('478.000000000000000000000000000000', '平凉市', '21.000000000000000000000000000000', '0.000000000000000000000000000000', '2.000000000000000000000000000000', '8.000000000000000000000000000000', '1.000000000000000000000000000000'), ('479.000000000000000000000000000000', '酒泉市', '21.000000000000000000000000000000', '0.000000000000000000000000000000', '2.000000000000000000000000000000', '9.000000000000000000000000000000', '1.000000000000000000000000000000'), ('480.000000000000000000000000000000', '庆阳市', '21.000000000000000000000000000000', '0.000000000000000000000000000000', '2.000000000000000000000000000000', '10.000000000000000000000000000000', '1.000000000000000000000000000000'), ('481.000000000000000000000000000000', '定西市', '21.000000000000000000000000000000', '0.000000000000000000000000000000', '2.000000000000000000000000000000', '11.000000000000000000000000000000', '1.000000000000000000000000000000'), ('482.000000000000000000000000000000', '陇南市', '21.000000000000000000000000000000', '0.000000000000000000000000000000', '2.000000000000000000000000000000', '12.000000000000000000000000000000', '1.000000000000000000000000000000');
INSERT INTO `provinces` VALUES ('483.000000000000000000000000000000', '临夏回族自治州', '21.000000000000000000000000000000', '0.000000000000000000000000000000', '2.000000000000000000000000000000', '13.000000000000000000000000000000', '1.000000000000000000000000000000'), ('484.000000000000000000000000000000', '甘南藏族自治州', '21.000000000000000000000000000000', '0.000000000000000000000000000000', '2.000000000000000000000000000000', '14.000000000000000000000000000000', '1.000000000000000000000000000000'), ('485.000000000000000000000000000000', '东莞市', '20.000000000000000000000000000000', '0.000000000000000000000000000000', '2.000000000000000000000000000000', '17.000000000000000000000000000000', '1.000000000000000000000000000000'), ('486.000000000000000000000000000000', '中山市', '20.000000000000000000000000000000', '0.000000000000000000000000000000', '2.000000000000000000000000000000', '18.000000000000000000000000000000', '1.000000000000000000000000000000'), ('487.000000000000000000000000000000', '潮州市', '20.000000000000000000000000000000', '0.000000000000000000000000000000', '2.000000000000000000000000000000', '19.000000000000000000000000000000', '1.000000000000000000000000000000'), ('488.000000000000000000000000000000', '揭阳市', '20.000000000000000000000000000000', '0.000000000000000000000000000000', '2.000000000000000000000000000000', '20.000000000000000000000000000000', '1.000000000000000000000000000000'), ('489.000000000000000000000000000000', '云浮市', '20.000000000000000000000000000000', '0.000000000000000000000000000000', '2.000000000000000000000000000000', '21.000000000000000000000000000000', '1.000000000000000000000000000000'), ('491.000000000000000000000000000000', '成都市', '22.000000000000000000000000000000', '0.000000000000000000000000000000', '2.000000000000000000000000000000', '1.000000000000000000000000000000', '1.000000000000000000000000000000'), ('492.000000000000000000000000000000', '自贡市', '22.000000000000000000000000000000', '0.000000000000000000000000000000', '2.000000000000000000000000000000', '2.000000000000000000000000000000', '1.000000000000000000000000000000'), ('493.000000000000000000000000000000', '攀枝花市', '22.000000000000000000000000000000', '0.000000000000000000000000000000', '2.000000000000000000000000000000', '3.000000000000000000000000000000', '1.000000000000000000000000000000'), ('494.000000000000000000000000000000', '泸州市', '22.000000000000000000000000000000', '0.000000000000000000000000000000', '2.000000000000000000000000000000', '4.000000000000000000000000000000', '1.000000000000000000000000000000'), ('495.000000000000000000000000000000', '德阳市', '22.000000000000000000000000000000', '0.000000000000000000000000000000', '2.000000000000000000000000000000', '5.000000000000000000000000000000', '1.000000000000000000000000000000'), ('496.000000000000000000000000000000', '绵阳市', '22.000000000000000000000000000000', '0.000000000000000000000000000000', '2.000000000000000000000000000000', '6.000000000000000000000000000000', '1.000000000000000000000000000000'), ('497.000000000000000000000000000000', '广元市', '22.000000000000000000000000000000', '0.000000000000000000000000000000', '2.000000000000000000000000000000', '7.000000000000000000000000000000', '1.000000000000000000000000000000'), ('498.000000000000000000000000000000', '遂宁市', '22.000000000000000000000000000000', '0.000000000000000000000000000000', '2.000000000000000000000000000000', '8.000000000000000000000000000000', '1.000000000000000000000000000000'), ('499.000000000000000000000000000000', '内江市', '22.000000000000000000000000000000', '0.000000000000000000000000000000', '2.000000000000000000000000000000', '9.000000000000000000000000000000', '1.000000000000000000000000000000'), ('500.000000000000000000000000000000', '乐山市', '22.000000000000000000000000000000', '0.000000000000000000000000000000', '2.000000000000000000000000000000', '10.000000000000000000000000000000', '1.000000000000000000000000000000'), ('501.000000000000000000000000000000', '南充市', '22.000000000000000000000000000000', '0.000000000000000000000000000000', '2.000000000000000000000000000000', '11.000000000000000000000000000000', '1.000000000000000000000000000000'), ('502.000000000000000000000000000000', '眉山市', '22.000000000000000000000000000000', '0.000000000000000000000000000000', '2.000000000000000000000000000000', '12.000000000000000000000000000000', '1.000000000000000000000000000000'), ('503.000000000000000000000000000000', '宜宾市', '22.000000000000000000000000000000', '0.000000000000000000000000000000', '2.000000000000000000000000000000', '13.000000000000000000000000000000', '1.000000000000000000000000000000'), ('504.000000000000000000000000000000', '广安市', '22.000000000000000000000000000000', '0.000000000000000000000000000000', '2.000000000000000000000000000000', '14.000000000000000000000000000000', '1.000000000000000000000000000000'), ('505.000000000000000000000000000000', '达州市', '22.000000000000000000000000000000', '0.000000000000000000000000000000', '2.000000000000000000000000000000', '15.000000000000000000000000000000', '1.000000000000000000000000000000'), ('506.000000000000000000000000000000', '雅安市', '22.000000000000000000000000000000', '0.000000000000000000000000000000', '2.000000000000000000000000000000', '16.000000000000000000000000000000', '1.000000000000000000000000000000'), ('507.000000000000000000000000000000', '巴中市', '22.000000000000000000000000000000', '0.000000000000000000000000000000', '2.000000000000000000000000000000', '17.000000000000000000000000000000', '1.000000000000000000000000000000'), ('508.000000000000000000000000000000', '资阳市', '22.000000000000000000000000000000', '0.000000000000000000000000000000', '2.000000000000000000000000000000', '18.000000000000000000000000000000', '1.000000000000000000000000000000'), ('509.000000000000000000000000000000', '阿坝藏族羌族自治州', '22.000000000000000000000000000000', '0.000000000000000000000000000000', '2.000000000000000000000000000000', '19.000000000000000000000000000000', '1.000000000000000000000000000000'), ('510.000000000000000000000000000000', '甘孜藏族自治州', '22.000000000000000000000000000000', '0.000000000000000000000000000000', '2.000000000000000000000000000000', '20.000000000000000000000000000000', '1.000000000000000000000000000000'), ('511.000000000000000000000000000000', '凉山彝族自治州', '22.000000000000000000000000000000', '0.000000000000000000000000000000', '2.000000000000000000000000000000', '21.000000000000000000000000000000', '1.000000000000000000000000000000'), ('521.000000000000000000000000000000', '贵阳市', '23.000000000000000000000000000000', '0.000000000000000000000000000000', '2.000000000000000000000000000000', '1.000000000000000000000000000000', '1.000000000000000000000000000000'), ('522.000000000000000000000000000000', '六盘水市', '23.000000000000000000000000000000', '0.000000000000000000000000000000', '2.000000000000000000000000000000', '2.000000000000000000000000000000', '1.000000000000000000000000000000'), ('523.000000000000000000000000000000', '遵义市', '23.000000000000000000000000000000', '0.000000000000000000000000000000', '2.000000000000000000000000000000', '3.000000000000000000000000000000', '1.000000000000000000000000000000'), ('524.000000000000000000000000000000', '安顺市', '23.000000000000000000000000000000', '0.000000000000000000000000000000', '2.000000000000000000000000000000', '4.000000000000000000000000000000', '1.000000000000000000000000000000'), ('525.000000000000000000000000000000', '铜仁地区', '23.000000000000000000000000000000', '0.000000000000000000000000000000', '2.000000000000000000000000000000', '5.000000000000000000000000000000', '1.000000000000000000000000000000'), ('526.000000000000000000000000000000', '毕节地区', '23.000000000000000000000000000000', '0.000000000000000000000000000000', '2.000000000000000000000000000000', '6.000000000000000000000000000000', '1.000000000000000000000000000000'), ('527.000000000000000000000000000000', '黔西南布依族苗族自治州', '23.000000000000000000000000000000', '0.000000000000000000000000000000', '2.000000000000000000000000000000', '7.000000000000000000000000000000', '1.000000000000000000000000000000'), ('528.000000000000000000000000000000', '黔东南苗族侗族自治州', '23.000000000000000000000000000000', '0.000000000000000000000000000000', '2.000000000000000000000000000000', '8.000000000000000000000000000000', '1.000000000000000000000000000000'), ('529.000000000000000000000000000000', '黔南布依族苗族自治州', '23.000000000000000000000000000000', '0.000000000000000000000000000000', '2.000000000000000000000000000000', '9.000000000000000000000000000000', '1.000000000000000000000000000000'), ('541.000000000000000000000000000000', '海口市', '24.000000000000000000000000000000', '0.000000000000000000000000000000', '2.000000000000000000000000000000', '1.000000000000000000000000000000', '1.000000000000000000000000000000'), ('542.000000000000000000000000000000', '三亚市', '24.000000000000000000000000000000', '0.000000000000000000000000000000', '2.000000000000000000000000000000', '2.000000000000000000000000000000', '1.000000000000000000000000000000'), ('543.000000000000000000000000000000', '五指山市', '24.000000000000000000000000000000', '0.000000000000000000000000000000', '2.000000000000000000000000000000', '3.000000000000000000000000000000', '1.000000000000000000000000000000'), ('544.000000000000000000000000000000', '琼海市', '24.000000000000000000000000000000', '0.000000000000000000000000000000', '2.000000000000000000000000000000', '4.000000000000000000000000000000', '1.000000000000000000000000000000'), ('545.000000000000000000000000000000', '儋州市', '24.000000000000000000000000000000', '0.000000000000000000000000000000', '2.000000000000000000000000000000', '5.000000000000000000000000000000', '1.000000000000000000000000000000'), ('546.000000000000000000000000000000', '文昌市', '24.000000000000000000000000000000', '0.000000000000000000000000000000', '2.000000000000000000000000000000', '6.000000000000000000000000000000', '1.000000000000000000000000000000'), ('547.000000000000000000000000000000', '万宁市', '24.000000000000000000000000000000', '0.000000000000000000000000000000', '2.000000000000000000000000000000', '7.000000000000000000000000000000', '1.000000000000000000000000000000'), ('548.000000000000000000000000000000', '东方市', '24.000000000000000000000000000000', '0.000000000000000000000000000000', '2.000000000000000000000000000000', '8.000000000000000000000000000000', '1.000000000000000000000000000000'), ('549.000000000000000000000000000000', '澄迈县', '24.000000000000000000000000000000', '0.000000000000000000000000000000', '2.000000000000000000000000000000', '9.000000000000000000000000000000', '1.000000000000000000000000000000'), ('550.000000000000000000000000000000', '定安县', '24.000000000000000000000000000000', '0.000000000000000000000000000000', '2.000000000000000000000000000000', '10.000000000000000000000000000000', '1.000000000000000000000000000000'), ('551.000000000000000000000000000000', '屯昌县', '24.000000000000000000000000000000', '0.000000000000000000000000000000', '2.000000000000000000000000000000', '11.000000000000000000000000000000', '1.000000000000000000000000000000'), ('552.000000000000000000000000000000', '临高县', '24.000000000000000000000000000000', '0.000000000000000000000000000000', '2.000000000000000000000000000000', '12.000000000000000000000000000000', '1.000000000000000000000000000000'), ('553.000000000000000000000000000000', '白沙黎族自治县', '24.000000000000000000000000000000', '0.000000000000000000000000000000', '2.000000000000000000000000000000', '13.000000000000000000000000000000', '1.000000000000000000000000000000'), ('554.000000000000000000000000000000', '昌江黎族自治县', '24.000000000000000000000000000000', '0.000000000000000000000000000000', '2.000000000000000000000000000000', '14.000000000000000000000000000000', '1.000000000000000000000000000000'), ('555.000000000000000000000000000000', '乐东黎族自治县', '24.000000000000000000000000000000', '0.000000000000000000000000000000', '2.000000000000000000000000000000', '15.000000000000000000000000000000', '1.000000000000000000000000000000'), ('556.000000000000000000000000000000', '陵水黎族自治县', '24.000000000000000000000000000000', '0.000000000000000000000000000000', '2.000000000000000000000000000000', '16.000000000000000000000000000000', '1.000000000000000000000000000000'), ('557.000000000000000000000000000000', '保亭黎族苗族自治县', '24.000000000000000000000000000000', '0.000000000000000000000000000000', '2.000000000000000000000000000000', '17.000000000000000000000000000000', '1.000000000000000000000000000000'), ('558.000000000000000000000000000000', '琼中黎族苗族自治县', '24.000000000000000000000000000000', '0.000000000000000000000000000000', '2.000000000000000000000000000000', '18.000000000000000000000000000000', '1.000000000000000000000000000000'), ('571.000000000000000000000000000000', '昆明市', '25.000000000000000000000000000000', '0.000000000000000000000000000000', '2.000000000000000000000000000000', '1.000000000000000000000000000000', '1.000000000000000000000000000000'), ('572.000000000000000000000000000000', '曲靖市', '25.000000000000000000000000000000', '0.000000000000000000000000000000', '2.000000000000000000000000000000', '2.000000000000000000000000000000', '1.000000000000000000000000000000'), ('573.000000000000000000000000000000', '玉溪市', '25.000000000000000000000000000000', '0.000000000000000000000000000000', '2.000000000000000000000000000000', '3.000000000000000000000000000000', '1.000000000000000000000000000000'), ('574.000000000000000000000000000000', '保山市', '25.000000000000000000000000000000', '0.000000000000000000000000000000', '2.000000000000000000000000000000', '4.000000000000000000000000000000', '1.000000000000000000000000000000'), ('575.000000000000000000000000000000', '昭通市', '25.000000000000000000000000000000', '0.000000000000000000000000000000', '2.000000000000000000000000000000', '5.000000000000000000000000000000', '1.000000000000000000000000000000'), ('576.000000000000000000000000000000', '丽江市', '25.000000000000000000000000000000', '0.000000000000000000000000000000', '2.000000000000000000000000000000', '6.000000000000000000000000000000', '1.000000000000000000000000000000'), ('577.000000000000000000000000000000', '思茅市', '25.000000000000000000000000000000', '0.000000000000000000000000000000', '2.000000000000000000000000000000', '7.000000000000000000000000000000', '1.000000000000000000000000000000'), ('578.000000000000000000000000000000', '临沧市', '25.000000000000000000000000000000', '0.000000000000000000000000000000', '2.000000000000000000000000000000', '8.000000000000000000000000000000', '1.000000000000000000000000000000'), ('579.000000000000000000000000000000', '文山壮族苗族自治州', '25.000000000000000000000000000000', '0.000000000000000000000000000000', '2.000000000000000000000000000000', '9.000000000000000000000000000000', '1.000000000000000000000000000000'), ('580.000000000000000000000000000000', '红河哈尼族彝族自治州', '25.000000000000000000000000000000', '0.000000000000000000000000000000', '2.000000000000000000000000000000', '10.000000000000000000000000000000', '1.000000000000000000000000000000'), ('581.000000000000000000000000000000', '西双版纳傣族自治州', '25.000000000000000000000000000000', '0.000000000000000000000000000000', '2.000000000000000000000000000000', '11.000000000000000000000000000000', '1.000000000000000000000000000000'), ('582.000000000000000000000000000000', '楚雄彝族自治州', '25.000000000000000000000000000000', '0.000000000000000000000000000000', '2.000000000000000000000000000000', '12.000000000000000000000000000000', '1.000000000000000000000000000000'), ('583.000000000000000000000000000000', '大理白族自治州', '25.000000000000000000000000000000', '0.000000000000000000000000000000', '2.000000000000000000000000000000', '13.000000000000000000000000000000', '1.000000000000000000000000000000'), ('584.000000000000000000000000000000', '德宏傣族景颇族自治州', '25.000000000000000000000000000000', '0.000000000000000000000000000000', '2.000000000000000000000000000000', '14.000000000000000000000000000000', '1.000000000000000000000000000000'), ('585.000000000000000000000000000000', '怒江傈傈族自治州', '25.000000000000000000000000000000', '0.000000000000000000000000000000', '2.000000000000000000000000000000', '15.000000000000000000000000000000', '1.000000000000000000000000000000'), ('586.000000000000000000000000000000', '迪庆藏族自治州', '25.000000000000000000000000000000', '0.000000000000000000000000000000', '2.000000000000000000000000000000', '16.000000000000000000000000000000', '1.000000000000000000000000000000'), ('601.000000000000000000000000000000', '西宁市', '26.000000000000000000000000000000', '0.000000000000000000000000000000', '2.000000000000000000000000000000', '1.000000000000000000000000000000', '1.000000000000000000000000000000'), ('602.000000000000000000000000000000', '海东地区', '26.000000000000000000000000000000', '0.000000000000000000000000000000', '2.000000000000000000000000000000', '2.000000000000000000000000000000', '1.000000000000000000000000000000'), ('603.000000000000000000000000000000', '海北藏族自治州', '26.000000000000000000000000000000', '0.000000000000000000000000000000', '2.000000000000000000000000000000', '3.000000000000000000000000000000', '1.000000000000000000000000000000'), ('604.000000000000000000000000000000', '黄南藏族自治州', '26.000000000000000000000000000000', '0.000000000000000000000000000000', '2.000000000000000000000000000000', '4.000000000000000000000000000000', '1.000000000000000000000000000000'), ('605.000000000000000000000000000000', '海南藏族自治州', '26.000000000000000000000000000000', '0.000000000000000000000000000000', '2.000000000000000000000000000000', '5.000000000000000000000000000000', '1.000000000000000000000000000000'), ('606.000000000000000000000000000000', '果洛藏族自治州', '26.000000000000000000000000000000', '0.000000000000000000000000000000', '2.000000000000000000000000000000', '6.000000000000000000000000000000', '1.000000000000000000000000000000'), ('607.000000000000000000000000000000', '玉树藏族自治州', '26.000000000000000000000000000000', '0.000000000000000000000000000000', '2.000000000000000000000000000000', '7.000000000000000000000000000000', '1.000000000000000000000000000000'), ('608.000000000000000000000000000000', '海西蒙古族藏族自治州', '26.000000000000000000000000000000', '0.000000000000000000000000000000', '2.000000000000000000000000000000', '8.000000000000000000000000000000', '1.000000000000000000000000000000'), ('621.000000000000000000000000000000', '西安市', '27.000000000000000000000000000000', '0.000000000000000000000000000000', '2.000000000000000000000000000000', '1.000000000000000000000000000000', '1.000000000000000000000000000000'), ('622.000000000000000000000000000000', '铜川市', '27.000000000000000000000000000000', '0.000000000000000000000000000000', '2.000000000000000000000000000000', '2.000000000000000000000000000000', '1.000000000000000000000000000000'), ('623.000000000000000000000000000000', '宝鸡市', '27.000000000000000000000000000000', '0.000000000000000000000000000000', '2.000000000000000000000000000000', '3.000000000000000000000000000000', '1.000000000000000000000000000000'), ('624.000000000000000000000000000000', '咸阳市', '27.000000000000000000000000000000', '0.000000000000000000000000000000', '2.000000000000000000000000000000', '4.000000000000000000000000000000', '1.000000000000000000000000000000'), ('625.000000000000000000000000000000', '渭南市', '27.000000000000000000000000000000', '0.000000000000000000000000000000', '2.000000000000000000000000000000', '5.000000000000000000000000000000', '1.000000000000000000000000000000'), ('626.000000000000000000000000000000', '延安市', '27.000000000000000000000000000000', '0.000000000000000000000000000000', '2.000000000000000000000000000000', '6.000000000000000000000000000000', '1.000000000000000000000000000000'), ('627.000000000000000000000000000000', '汉中市', '27.000000000000000000000000000000', '0.000000000000000000000000000000', '2.000000000000000000000000000000', '7.000000000000000000000000000000', '1.000000000000000000000000000000'), ('628.000000000000000000000000000000', '榆林市', '27.000000000000000000000000000000', '0.000000000000000000000000000000', '2.000000000000000000000000000000', '8.000000000000000000000000000000', '1.000000000000000000000000000000'), ('629.000000000000000000000000000000', '安康市', '27.000000000000000000000000000000', '0.000000000000000000000000000000', '2.000000000000000000000000000000', '9.000000000000000000000000000000', '1.000000000000000000000000000000'), ('630.000000000000000000000000000000', '商洛市', '27.000000000000000000000000000000', '0.000000000000000000000000000000', '2.000000000000000000000000000000', '10.000000000000000000000000000000', '1.000000000000000000000000000000'), ('641.000000000000000000000000000000', '南宁市', '28.000000000000000000000000000000', '0.000000000000000000000000000000', '2.000000000000000000000000000000', '1.000000000000000000000000000000', '1.000000000000000000000000000000'), ('642.000000000000000000000000000000', '柳州市', '28.000000000000000000000000000000', '0.000000000000000000000000000000', '2.000000000000000000000000000000', '2.000000000000000000000000000000', '1.000000000000000000000000000000'), ('643.000000000000000000000000000000', '桂林市', '28.000000000000000000000000000000', '0.000000000000000000000000000000', '2.000000000000000000000000000000', '3.000000000000000000000000000000', '1.000000000000000000000000000000'), ('644.000000000000000000000000000000', '梧州市', '28.000000000000000000000000000000', '0.000000000000000000000000000000', '2.000000000000000000000000000000', '4.000000000000000000000000000000', '1.000000000000000000000000000000'), ('645.000000000000000000000000000000', '北海市', '28.000000000000000000000000000000', '0.000000000000000000000000000000', '2.000000000000000000000000000000', '5.000000000000000000000000000000', '1.000000000000000000000000000000'), ('646.000000000000000000000000000000', '防城港市', '28.000000000000000000000000000000', '0.000000000000000000000000000000', '2.000000000000000000000000000000', '6.000000000000000000000000000000', '1.000000000000000000000000000000'), ('647.000000000000000000000000000000', '钦州市', '28.000000000000000000000000000000', '0.000000000000000000000000000000', '2.000000000000000000000000000000', '7.000000000000000000000000000000', '1.000000000000000000000000000000'), ('648.000000000000000000000000000000', '贵港市', '28.000000000000000000000000000000', '0.000000000000000000000000000000', '2.000000000000000000000000000000', '8.000000000000000000000000000000', '1.000000000000000000000000000000'), ('649.000000000000000000000000000000', '玉林市', '28.000000000000000000000000000000', '0.000000000000000000000000000000', '2.000000000000000000000000000000', '9.000000000000000000000000000000', '1.000000000000000000000000000000'), ('650.000000000000000000000000000000', '百色市', '28.000000000000000000000000000000', '0.000000000000000000000000000000', '2.000000000000000000000000000000', '10.000000000000000000000000000000', '1.000000000000000000000000000000'), ('651.000000000000000000000000000000', '贺州市', '28.000000000000000000000000000000', '0.000000000000000000000000000000', '2.000000000000000000000000000000', '11.000000000000000000000000000000', '1.000000000000000000000000000000'), ('652.000000000000000000000000000000', '河池市', '28.000000000000000000000000000000', '0.000000000000000000000000000000', '2.000000000000000000000000000000', '12.000000000000000000000000000000', '1.000000000000000000000000000000'), ('653.000000000000000000000000000000', '来宾市', '28.000000000000000000000000000000', '0.000000000000000000000000000000', '2.000000000000000000000000000000', '13.000000000000000000000000000000', '1.000000000000000000000000000000'), ('654.000000000000000000000000000000', '崇左市', '28.000000000000000000000000000000', '0.000000000000000000000000000000', '2.000000000000000000000000000000', '14.000000000000000000000000000000', '1.000000000000000000000000000000'), ('671.000000000000000000000000000000', '拉萨市', '29.000000000000000000000000000000', '0.000000000000000000000000000000', '2.000000000000000000000000000000', '1.000000000000000000000000000000', '1.000000000000000000000000000000'), ('672.000000000000000000000000000000', '那曲地区', '29.000000000000000000000000000000', '0.000000000000000000000000000000', '2.000000000000000000000000000000', '2.000000000000000000000000000000', '1.000000000000000000000000000000'), ('673.000000000000000000000000000000', '昌都地区', '29.000000000000000000000000000000', '0.000000000000000000000000000000', '2.000000000000000000000000000000', '3.000000000000000000000000000000', '1.000000000000000000000000000000'), ('674.000000000000000000000000000000', '山南地区', '29.000000000000000000000000000000', '0.000000000000000000000000000000', '2.000000000000000000000000000000', '4.000000000000000000000000000000', '1.000000000000000000000000000000'), ('675.000000000000000000000000000000', '日喀则地区', '29.000000000000000000000000000000', '0.000000000000000000000000000000', '2.000000000000000000000000000000', '5.000000000000000000000000000000', '1.000000000000000000000000000000'), ('676.000000000000000000000000000000', '阿里地区', '29.000000000000000000000000000000', '0.000000000000000000000000000000', '2.000000000000000000000000000000', '6.000000000000000000000000000000', '1.000000000000000000000000000000'), ('677.000000000000000000000000000000', '林芝地区', '29.000000000000000000000000000000', '0.000000000000000000000000000000', '2.000000000000000000000000000000', '7.000000000000000000000000000000', '1.000000000000000000000000000000'), ('681.000000000000000000000000000000', '银川市', '30.000000000000000000000000000000', '0.000000000000000000000000000000', '2.000000000000000000000000000000', '1.000000000000000000000000000000', '1.000000000000000000000000000000'), ('682.000000000000000000000000000000', '石嘴山市', '30.000000000000000000000000000000', '0.000000000000000000000000000000', '2.000000000000000000000000000000', '2.000000000000000000000000000000', '1.000000000000000000000000000000'), ('683.000000000000000000000000000000', '吴忠市', '30.000000000000000000000000000000', '0.000000000000000000000000000000', '2.000000000000000000000000000000', '3.000000000000000000000000000000', '1.000000000000000000000000000000'), ('684.000000000000000000000000000000', '固原市', '30.000000000000000000000000000000', '0.000000000000000000000000000000', '2.000000000000000000000000000000', '4.000000000000000000000000000000', '1.000000000000000000000000000000'), ('685.000000000000000000000000000000', '中卫市', '30.000000000000000000000000000000', '0.000000000000000000000000000000', '2.000000000000000000000000000000', '5.000000000000000000000000000000', '1.000000000000000000000000000000'), ('691.000000000000000000000000000000', '乌鲁木齐市', '31.000000000000000000000000000000', '0.000000000000000000000000000000', '2.000000000000000000000000000000', '1.000000000000000000000000000000', '1.000000000000000000000000000000'), ('692.000000000000000000000000000000', '克拉玛依市', '31.000000000000000000000000000000', '0.000000000000000000000000000000', '2.000000000000000000000000000000', '2.000000000000000000000000000000', '1.000000000000000000000000000000'), ('693.000000000000000000000000000000', '石河子市　', '31.000000000000000000000000000000', '0.000000000000000000000000000000', '2.000000000000000000000000000000', '3.000000000000000000000000000000', '1.000000000000000000000000000000'), ('694.000000000000000000000000000000', '阿拉尔市', '31.000000000000000000000000000000', '0.000000000000000000000000000000', '2.000000000000000000000000000000', '4.000000000000000000000000000000', '1.000000000000000000000000000000'), ('695.000000000000000000000000000000', '图木舒克市', '31.000000000000000000000000000000', '0.000000000000000000000000000000', '2.000000000000000000000000000000', '5.000000000000000000000000000000', '1.000000000000000000000000000000'), ('696.000000000000000000000000000000', '五家渠市', '31.000000000000000000000000000000', '0.000000000000000000000000000000', '2.000000000000000000000000000000', '6.000000000000000000000000000000', '1.000000000000000000000000000000'), ('697.000000000000000000000000000000', '吐鲁番市', '31.000000000000000000000000000000', '0.000000000000000000000000000000', '2.000000000000000000000000000000', '7.000000000000000000000000000000', '1.000000000000000000000000000000'), ('698.000000000000000000000000000000', '阿克苏市', '31.000000000000000000000000000000', '0.000000000000000000000000000000', '2.000000000000000000000000000000', '8.000000000000000000000000000000', '1.000000000000000000000000000000'), ('699.000000000000000000000000000000', '喀什市', '31.000000000000000000000000000000', '0.000000000000000000000000000000', '2.000000000000000000000000000000', '9.000000000000000000000000000000', '1.000000000000000000000000000000'), ('700.000000000000000000000000000000', '哈密市', '31.000000000000000000000000000000', '0.000000000000000000000000000000', '2.000000000000000000000000000000', '10.000000000000000000000000000000', '1.000000000000000000000000000000'), ('701.000000000000000000000000000000', '和田市', '31.000000000000000000000000000000', '0.000000000000000000000000000000', '2.000000000000000000000000000000', '11.000000000000000000000000000000', '1.000000000000000000000000000000'), ('702.000000000000000000000000000000', '阿图什市', '31.000000000000000000000000000000', '0.000000000000000000000000000000', '2.000000000000000000000000000000', '12.000000000000000000000000000000', '1.000000000000000000000000000000'), ('703.000000000000000000000000000000', '库尔勒市', '31.000000000000000000000000000000', '0.000000000000000000000000000000', '2.000000000000000000000000000000', '13.000000000000000000000000000000', '1.000000000000000000000000000000'), ('704.000000000000000000000000000000', '昌吉市　', '31.000000000000000000000000000000', '0.000000000000000000000000000000', '2.000000000000000000000000000000', '14.000000000000000000000000000000', '1.000000000000000000000000000000'), ('705.000000000000000000000000000000', '阜康市', '31.000000000000000000000000000000', '0.000000000000000000000000000000', '2.000000000000000000000000000000', '15.000000000000000000000000000000', '1.000000000000000000000000000000'), ('706.000000000000000000000000000000', '米泉市', '31.000000000000000000000000000000', '0.000000000000000000000000000000', '2.000000000000000000000000000000', '16.000000000000000000000000000000', '1.000000000000000000000000000000'), ('707.000000000000000000000000000000', '博乐市', '31.000000000000000000000000000000', '0.000000000000000000000000000000', '2.000000000000000000000000000000', '17.000000000000000000000000000000', '1.000000000000000000000000000000'), ('708.000000000000000000000000000000', '伊宁市', '31.000000000000000000000000000000', '0.000000000000000000000000000000', '2.000000000000000000000000000000', '18.000000000000000000000000000000', '1.000000000000000000000000000000'), ('709.000000000000000000000000000000', '奎屯市', '31.000000000000000000000000000000', '0.000000000000000000000000000000', '2.000000000000000000000000000000', '19.000000000000000000000000000000', '1.000000000000000000000000000000'), ('710.000000000000000000000000000000', '塔城市', '31.000000000000000000000000000000', '0.000000000000000000000000000000', '2.000000000000000000000000000000', '20.000000000000000000000000000000', '1.000000000000000000000000000000'), ('711.000000000000000000000000000000', '乌苏市', '31.000000000000000000000000000000', '0.000000000000000000000000000000', '2.000000000000000000000000000000', '21.000000000000000000000000000000', '1.000000000000000000000000000000'), ('712.000000000000000000000000000000', '阿勒泰市', '31.000000000000000000000000000000', '0.000000000000000000000000000000', '2.000000000000000000000000000000', '22.000000000000000000000000000000', '1.000000000000000000000000000000'), ('721.000000000000000000000000000000', '呼和浩特市', '32.000000000000000000000000000000', '0.000000000000000000000000000000', '2.000000000000000000000000000000', '1.000000000000000000000000000000', '1.000000000000000000000000000000'), ('722.000000000000000000000000000000', '包头市', '32.000000000000000000000000000000', '0.000000000000000000000000000000', '2.000000000000000000000000000000', '2.000000000000000000000000000000', '1.000000000000000000000000000000'), ('723.000000000000000000000000000000', '乌海市', '32.000000000000000000000000000000', '0.000000000000000000000000000000', '2.000000000000000000000000000000', '3.000000000000000000000000000000', '1.000000000000000000000000000000'), ('724.000000000000000000000000000000', '赤峰市', '32.000000000000000000000000000000', '0.000000000000000000000000000000', '2.000000000000000000000000000000', '4.000000000000000000000000000000', '1.000000000000000000000000000000'), ('725.000000000000000000000000000000', '通辽市', '32.000000000000000000000000000000', '0.000000000000000000000000000000', '2.000000000000000000000000000000', '5.000000000000000000000000000000', '1.000000000000000000000000000000'), ('726.000000000000000000000000000000', '鄂尔多斯市', '32.000000000000000000000000000000', '0.000000000000000000000000000000', '2.000000000000000000000000000000', '6.000000000000000000000000000000', '1.000000000000000000000000000000'), ('727.000000000000000000000000000000', '呼伦贝尔市', '32.000000000000000000000000000000', '0.000000000000000000000000000000', '2.000000000000000000000000000000', '7.000000000000000000000000000000', '1.000000000000000000000000000000'), ('728.000000000000000000000000000000', '巴彦淖尔市', '32.000000000000000000000000000000', '0.000000000000000000000000000000', '2.000000000000000000000000000000', '8.000000000000000000000000000000', '1.000000000000000000000000000000'), ('729.000000000000000000000000000000', '乌兰察布市', '32.000000000000000000000000000000', '0.000000000000000000000000000000', '2.000000000000000000000000000000', '9.000000000000000000000000000000', '1.000000000000000000000000000000'), ('730.000000000000000000000000000000', '锡林郭勒盟', '32.000000000000000000000000000000', '0.000000000000000000000000000000', '2.000000000000000000000000000000', '10.000000000000000000000000000000', '1.000000000000000000000000000000'), ('731.000000000000000000000000000000', '兴安盟', '32.000000000000000000000000000000', '0.000000000000000000000000000000', '2.000000000000000000000000000000', '11.000000000000000000000000000000', '1.000000000000000000000000000000'), ('732.000000000000000000000000000000', '阿拉善盟', '32.000000000000000000000000000000', '0.000000000000000000000000000000', '2.000000000000000000000000000000', '12.000000000000000000000000000000', '1.000000000000000000000000000000');
COMMIT;

-- ----------------------------
--  Table structure for `shfs`
-- ----------------------------
DROP TABLE IF EXISTS `shfs`;
CREATE TABLE `shfs` (
  `SHFSID` varchar(32) NOT NULL COMMENT 'ID',
  `MC` varchar(100) DEFAULT NULL COMMENT '名称',
  `MS` text COMMENT '描述',
  `ZT` decimal(65,30) DEFAULT NULL COMMENT '状态',
  `BZ` varchar(200) DEFAULT NULL COMMENT '备注',
  PRIMARY KEY (`SHFSID`)
) ENGINE=InnoDB DEFAULT CHARSET=utf8 COMMENT='送货方式';

-- ----------------------------
--  Records of `shfs`
-- ----------------------------
BEGIN;
INSERT INTO `shfs` VALUES ('201012222141089841', '普通快递送货上门', '每张订单不满1元,运费10元;订单1-399元，运费0元;订单超过399元,运费0元', '1.000000000000000000000000000000', null), ('201012231732473751', '加急快递送货上门', '每张订单不满1元,运费10元;订单1-399元，运费0元;订单超过399元,运费0元', '1.000000000000000000000000000000', null), ('201012231733342032', '邮政特快专递EMS', '每张订单不满99元,运费22元;订单99-199元，运费22元;订单超过199元,运费22元。', '1.000000000000000000000000000000', null);
COMMIT;

-- ----------------------------
--  Table structure for `sp`
-- ----------------------------
DROP TABLE IF EXISTS `sp`;
CREATE TABLE `sp` (
  `SPID` varchar(32) NOT NULL COMMENT ' ',
  `SPNO` varchar(12) DEFAULT NULL COMMENT '商品编号',
  `SPLX` varchar(32) DEFAULT NULL COMMENT '商品类型',
  `MC` varchar(50) DEFAULT NULL COMMENT '商品名称',
  `PP` varchar(32) DEFAULT NULL COMMENT '品牌一级',
  `GG` varchar(200) DEFAULT NULL COMMENT '规格',
  `SPXX` text COMMENT '商品信息',
  `DS` varchar(32) DEFAULT NULL COMMENT '度数',
  `XX` varchar(32) DEFAULT NULL COMMENT '香型',
  `CGJ` decimal(12,2) DEFAULT NULL COMMENT '采购价',
  `SCJ` decimal(12,2) DEFAULT NULL COMMENT '市场价',
  `SJ` decimal(12,2) DEFAULT NULL COMMENT '售价',
  `VIPJ` decimal(12,2) DEFAULT NULL COMMENT 'VIP价',
  `SVIPJ` decimal(12,2) DEFAULT NULL COMMENT 'SVIP价',
  `JF` decimal(65,30) DEFAULT NULL COMMENT '可换积分',
  `ZK` decimal(12,2) DEFAULT NULL COMMENT '折扣',
  `ZKJ` decimal(12,2) DEFAULT NULL COMMENT '折扣价',
  `KC` decimal(65,30) DEFAULT NULL COMMENT '库存',
  `KCXX` decimal(65,30) DEFAULT NULL COMMENT '库存下限',
  `XSLX` decimal(65,30) DEFAULT NULL COMMENT '销售类型',
  `XXL` decimal(65,30) DEFAULT NULL COMMENT '销售量',
  `ZT` decimal(65,30) DEFAULT NULL COMMENT '状态',
  `BZ` varchar(200) DEFAULT NULL COMMENT '备注',
  `LRSJ` datetime DEFAULT NULL COMMENT '录入时间',
  `SPLB` varchar(32) DEFAULT NULL COMMENT '品牌类别',
  `SCCS` decimal(65,30) DEFAULT NULL COMMENT '收藏次数',
  PRIMARY KEY (`SPID`)
) ENGINE=InnoDB DEFAULT CHARSET=utf8;

-- ----------------------------
--  Records of `sp`
-- ----------------------------
BEGIN;
INSERT INTO `sp` VALUES ('201012121343309141', '10001', '201010082209455311', '泸州老窖1573', '201012151139577032', null, '<p>\r\n	泸州老窖1573</p>\r', '32', null, '100.00', '200.00', '200.00', '200.00', '200.00', '0.000000000000000000000000000000', null, null, '100.000000000000000000000000000000', null, '201012121338224131.000000000000000000000000000000', null, '1.000000000000000000000000000000', null, null, null, null), ('201012121520167661', '1002', '201010082209455311', '老窖特曲', '201012151139577032', null, '<p>\r\n	test</p>\r', '50', null, '100.00', '100.00', '100.00', '100.00', '100.00', '0.000000000000000000000000000000', null, null, '100.000000000000000000000000000000', null, '201012121338224131.000000000000000000000000000000', null, '1.000000000000000000000000000000', null, '2010-12-15 08:50:10', null, null), ('201012141002384061', '12345', '201010082209455311', '泸州老窖成年52°', '201012151139577032', null, null, '52', null, '100.00', '190.00', '180.00', '150.00', '149.00', '0.000000000000000000000000000000', null, null, null, null, '201012140946180781.000000000000000000000000000000', null, '1.000000000000000000000000000000', null, '2010-12-15 08:51:15', null, null), ('201012141501438121', '1', '201010082209455311', 'test1', '201012151139577032', null, null, '52', null, '343.00', '34.00', '44.00', '44.00', '44.00', '4.000000000000000000000000000000', null, null, '34.000000000000000000000000000000', null, '201012121338224131.000000000000000000000000000000', null, '1.000000000000000000000000000000', null, '2010-12-14 21:40:41', null, null), ('201012141502262343', '2', '201010082209455311', 'test2', '201012151139577032', null, null, '52', null, '56.00', '56.00', '66.00', '65.00', '76.00', '0.000000000000000000000000000000', null, null, '767.000000000000000000000000000000', null, '201012121338224131.000000000000000000000000000000', null, '1.000000000000000000000000000000', null, '2010-12-14 15:02:26', null, null), ('201012141503312505', '3', '201010082209455311', 'test3', '201012151139577032', null, '<p>\r\n	<img alt=\"aaaa\" src=\"C:\\Documents and Settings\\Administrator\\桌面\\头曲.jpg\" style=\"width: 33px; height: 52px\" />sssssssssssssssssssssssssssssssssss</p>\r', '54', null, '676.00', '76.00', '7678.00', '67.00', '78.00', '0.000000000000000000000000000000', null, null, '76.000000000000000000000000000000', null, '201012121338224131.000000000000000000000000000000', null, '1.000000000000000000000000000000', null, '2011-01-12 19:53:32', '201012151510315787', null), ('201012141504182817', '4', '201010082209455311', 'test4', '201012151139577032', null, null, '76', null, '2323.00', '233.00', '23.00', '23.00', '43.00', '0.000000000000000000000000000000', null, null, '23.000000000000000000000000000000', null, '201012121338224131.000000000000000000000000000000', null, '1.000000000000000000000000000000', null, '2010-12-14 15:04:18', null, null), ('201012141505116099', '5', '201010082209455311', 'test5', '201012151139577032', null, '<p>\r\n	test</p>\r', '43', null, '232.00', '23.00', '434.00', '23.00', '32.00', '0.000000000000000000000000000000', null, null, '122.000000000000000000000000000000', null, '201012121338224131.000000000000000000000000000000', null, '1.000000000000000000000000000000', null, '2011-01-10 17:41:22', '201012162359137963', null), ('201012141509294211', '6', '201010082209455311', '1573', '201012151139577032', null, null, '65', null, '700.00', '900.00', '100.00', '100.00', '100.00', '100.000000000000000000000000000000', null, null, '1000.000000000000000000000000000000', null, '201012121338335072.000000000000000000000000000000', null, '1.000000000000000000000000000000', null, '2010-12-14 15:09:29', null, null), ('201012141514204061', '7', '201010082209455311', '竞品特曲', '201012151139577032', null, null, '52', null, '555.00', '555.00', '555.00', '555.00', '555.00', '0.000000000000000000000000000000', null, null, '1000.000000000000000000000000000000', null, '201012121338335072.000000000000000000000000000000', null, '1.000000000000000000000000000000', null, '2010-12-14 15:14:20', null, null), ('201012141523580621', '8', '201010082209455311', '成规酒品', '201012151139577032', null, null, '45', null, '34.00', '34.00', '34.00', '34.00', '34.00', '34.000000000000000000000000000000', null, null, '34.000000000000000000000000000000', null, '201012121338335072.000000000000000000000000000000', null, '1.000000000000000000000000000000', null, '2010-12-14 15:23:58', null, null), ('201012141532145783', '9', '201010082209455311', '泸州15年窖藏酒 ', '201012151139577032', null, null, '54', null, '45.00', '45.00', '45.00', '45.00', '45.00', '0.000000000000000000000000000000', null, null, '45.000000000000000000000000000000', null, '201012121338335072.000000000000000000000000000000', null, '1.000000000000000000000000000000', null, '2010-12-14 15:32:14', null, null), ('201012141533235785', '10', '201010082209455311', '百年泸州老窖', '201012151139577032', null, null, '54', null, '232.00', '323.00', '23.00', '23.00', '23.00', '0.000000000000000000000000000000', null, null, '23.000000000000000000000000000000', null, '201012121338335072.000000000000000000000000000000', null, '1.000000000000000000000000000000', null, '2010-12-14 15:33:23', null, null), ('201012141534183437', '11', '201010082209455311', '百年泸州老窖（新）', '201012151139577032', null, null, '76', null, '765.00', '565.00', '565.00', '656.00', '565.00', '565.000000000000000000000000000000', null, null, '565.000000000000000000000000000000', null, '201012121338335072.000000000000000000000000000000', null, '1.000000000000000000000000000000', null, '2010-12-14 15:34:18', null, null), ('201012141535215789', '12', '201010082209455311', '泸州醇（柔和·经典）', '201012151139577032', null, null, '53', null, '454.00', '545.00', '545.00', '656.00', '555.00', '0.000000000000000000000000000000', null, null, '4.000000000000000000000000000000', null, '201012121338335072.000000000000000000000000000000', null, '1.000000000000000000000000000000', null, '2010-12-14 15:35:21', null, null), ('2010121415365798413', '13', '201010082209455311', '泸州醇（柔和·经典）', '201012151139577032', null, null, '43', null, '343.00', '343.00', '333.00', '333.00', '333.00', '0.000000000000000000000000000000', null, null, '454.000000000000000000000000000000', null, '201012121338335072.000000000000000000000000000000', null, '1.000000000000000000000000000000', null, '2010-12-14 15:36:57', null, null), ('2010121415380276515', '14', '201010082209455311', '老酒坊福禄高升', '201012151139577032', null, null, '34', null, '777.00', '777.00', '777.00', '777.00', '777.00', '0.000000000000000000000000000000', null, null, '777.000000000000000000000000000000', null, '201012121338335072.000000000000000000000000000000', null, '1.000000000000000000000000000000', null, '2010-12-14 15:38:02', null, null), ('2010121415410979617', '15', '201010082209455311', '泸州醇 (四僖)', '201012151139577032', null, null, '52', null, '999.00', '999.00', '999.00', '999.00', '999.00', '0.000000000000000000000000000000', null, null, '88.000000000000000000000000000000', null, '201012121338335072.000000000000000000000000000000', null, '1.000000000000000000000000000000', null, '2010-12-14 15:41:09', null, null), ('2010121415444087519', '16', '201010082209455311', '泸州醇 (四僖)', '201012151139577032', null, null, '89', null, '222.00', '222.00', '222.00', '222.00', '222.00', '0.000000000000000000000000000000', null, null, '222.000000000000000000000000000000', null, '201012121338335072.000000000000000000000000000000', null, '1.000000000000000000000000000000', null, '2010-12-14 15:44:40', null, null), ('2010121415461156221', '17', '201010082209455311', '泸州醇（柔和418）', '201012151139577032', null, null, '66', null, '100.00', '148.00', '108.00', '99.00', '99.00', '0.000000000000000000000000000000', null, null, '99.000000000000000000000000000000', null, '201012121338335072.000000000000000000000000000000', null, '1.000000000000000000000000000000', null, '2010-12-14 15:46:11', null, null), ('2010121415480110924', '18', '201010082209455311', '泸州醇（八年）', '201012151139577032', null, null, '52', null, '80.00', '98.00', '88.00', '77.00', '77.00', '0.000000000000000000000000000000', null, null, '7.000000000000000000000000000000', null, '201012121338335072.000000000000000000000000000000', null, '1.000000000000000000000000000000', null, '2010-12-14 15:48:01', null, null), ('201012142155539213', '66', '201010082209455311', '酒泉好酒', '201012151139577032', null, '<p>\r\n	借款人管理中心的花费了数据库货到付款介绍的反馈橘黄色的会计法是科技东方航空上岛咖啡季后赛科技东方红是经的粉红色可激发和可</p>\r', '52', null, '444.00', '444.00', '444.00', '444.00', '444.00', '0.000000000000000000000000000000', null, null, '444.000000000000000000000000000000', null, '201012140946180781.000000000000000000000000000000', null, '1.000000000000000000000000000000', null, '2010-12-15 08:50:56', null, null), ('201012160929048281', '100', '201010082209455311', '剑南春特曲', '201012151504436874', null, null, '65', null, '34.00', '434.00', '34.00', '343.00', '34.00', '0.000000000000000000000000000000', null, null, '34.000000000000000000000000000000', '100.000000000000000000000000000000', '201012121338335072.000000000000000000000000000000', null, '1.000000000000000000000000000000', null, '2010-12-16 09:29:04', null, null), ('201012162356442501', '88', '201010082209455311', '老陈年52°', '201012151139577032', null, null, '232', null, '232.00', '23.00', '323.00', '232.00', '23.00', '0.000000000000000000000000000000', null, null, '23.000000000000000000000000000000', '23.000000000000000000000000000000', '201012140946180781.000000000000000000000000000000', null, '1.000000000000000000000000000000', null, '2010-12-16 23:58:12', '201012151509019376', null);
COMMIT;

-- ----------------------------
--  Table structure for `spd`
-- ----------------------------
DROP TABLE IF EXISTS `spd`;
CREATE TABLE `spd` (
  `SPDID` varchar(32) NOT NULL COMMENT '编号',
  `DDID` varchar(32) DEFAULT NULL COMMENT '订单编号',
  `KHID` varchar(32) DEFAULT NULL COMMENT '客户编号',
  `SPID` varchar(32) DEFAULT NULL COMMENT '商品编号',
  `SL` decimal(65,30) DEFAULT NULL COMMENT '数量',
  `JG` decimal(8,2) DEFAULT NULL COMMENT '价格',
  `XJ` decimal(10,2) DEFAULT NULL COMMENT '小计',
  `ZSJF` decimal(65,30) DEFAULT NULL COMMENT '赠送积分',
  `ZT` decimal(65,30) DEFAULT NULL COMMENT '状态',
  `BZ` varchar(200) DEFAULT NULL COMMENT '备注',
  PRIMARY KEY (`SPDID`)
) ENGINE=InnoDB DEFAULT CHARSET=utf8 COMMENT='商品单';

-- ----------------------------
--  Records of `spd`
-- ----------------------------
BEGIN;
INSERT INTO `spd` VALUES ('201101121942144213', '201101121942144061', '201012200108413122', '201012141503312505', '6.000000000000000000000000000000', '767.00', '4602.00', '0.000000000000000000000000000000', '1.000000000000000000000000000000', null), ('2011011219451631210', '201101121945163127', '201101121944333286', '201012142155539213', '3.000000000000000000000000000000', '444.00', '1332.00', '0.000000000000000000000000000000', '1.000000000000000000000000000000', null), ('201101121945163129', '201101121945163127', '201101121944333286', '201012141503312505', '2.000000000000000000000000000000', '767.00', '1534.00', '0.000000000000000000000000000000', '1.000000000000000000000000000000', null), ('201101171446366713', '201101171446366401', '201012200108413122', '2010121415461156221', '4.000000000000000000000000000000', '108.00', '432.00', '0.000000000000000000000000000000', '1.000000000000000000000000000000', null), ('201101171446366874', '201101171446366401', '201012200108413122', '201012141504182817', '5.000000000000000000000000000000', '23.00', '115.00', '0.000000000000000000000000000000', '1.000000000000000000000000000000', null), ('201101171513373993', '201101171513373841', '201012200108413122', '2010121415480110924', '4.000000000000000000000000000000', '88.00', '352.00', '0.000000000000000000000000000000', '1.000000000000000000000000000000', null);
COMMIT;

-- ----------------------------
--  Table structure for `spimg`
-- ----------------------------
DROP TABLE IF EXISTS `spimg`;
CREATE TABLE `spimg` (
  `SPIMGID` varchar(32) NOT NULL COMMENT 'ID',
  `SPID` varchar(32) DEFAULT NULL COMMENT '商品ID',
  `IMGURL` varchar(100) DEFAULT NULL COMMENT '图片地址',
  `SCRQ` datetime DEFAULT NULL COMMENT '上传日期',
  `ZT` decimal(65,30) DEFAULT NULL COMMENT '状态',
  `BZ` varchar(200) DEFAULT NULL COMMENT '备注',
  PRIMARY KEY (`SPIMGID`)
) ENGINE=InnoDB DEFAULT CHARSET=utf8;

-- ----------------------------
--  Records of `spimg`
-- ----------------------------
BEGIN;
INSERT INTO `spimg` VALUES ('201012122122136181', '201012121343309141', '/spimg/201012122122136181.jpg', '2010-12-12 21:22:13', null, null), ('201012122122142612', '201012121343309141', '/spimg/201012122122142612.jpg', '2010-12-12 21:22:14', null, null), ('201012122122145393', '201012121343309141', '/spimg/201012122122145393.jpg', '2010-12-12 21:22:14', null, null), ('201012122122149644', '201012121343309141', '/spimg/201012122122149644.jpg', '2010-12-12 21:22:14', null, null), ('201012122210430271', '201012121520167661', '/spimg/201012122210430271.jpg', '2010-12-12 22:10:43', null, null), ('201012122210432282', '201012121520167661', '/spimg/201012122210432282.jpg', '2010-12-12 22:10:43', null, null), ('201012141002384682', '201012141002384061', '/spimg/201012141002384682.jpg', '2010-12-14 10:02:38', null, null), ('201012141002385003', '201012141002384061', '/spimg/201012141002385003.jpg', '2010-12-14 10:02:38', null, null), ('201012141002385155', '201012141002384061', '/spimg/201012141002385155.jpg', '2010-12-14 10:02:38', null, null), ('201012141501438752', '201012141501438121', '/spimg/201012141501438752.jpg', '2010-12-14 15:01:43', null, null), ('201012141502262504', '201012141502262343', '/spimg/201012141502262504.jpg', '2010-12-14 15:02:26', null, null), ('201012141503312506', '201012141503312505', '/spimg/201012141503312506.jpg', '2010-12-14 15:03:31', null, null), ('201012141504182818', '201012141504182817', '/spimg/201012141504182818.jpg', '2010-12-14 15:04:18', null, null), ('2010121415051160910', '201012141505116099', '/spimg/2010121415051160910.jpg', '2010-12-14 15:05:11', null, null), ('201012141509294842', '201012141509294211', '/spimg/201012141509294842.jpg', '2010-12-14 15:09:29', null, null), ('201012141514204842', '201012141514204061', '/spimg/201012141514204842.jpg', '2010-12-14 15:14:20', null, null), ('201012141523581402', '201012141523580621', '/spimg/201012141523581402.jpg', '2010-12-14 15:23:58', null, null), ('201012141532145934', '201012141532145783', '/spimg/201012141532145934.jpg', '2010-12-14 15:32:14', null, null), ('201012141533235936', '201012141533235785', '/spimg/201012141533235936.jpg', '2010-12-14 15:33:23', null, null), ('201012141534183598', '201012141534183437', '/spimg/201012141534183598.jpg', '2010-12-14 15:34:18', null, null), ('2010121415352157810', '201012141535215789', '/spimg/2010121415352157810.jpg', '2010-12-14 15:35:21', null, null), ('2010121415352159311', '201012141535215789', '/spimg/2010121415352159311.jpg', '2010-12-14 15:35:21', null, null), ('2010121415352159312', '201012141535215789', '/spimg/2010121415352159312.jpg', '2010-12-14 15:35:21', null, null), ('2010121415365800014', '2010121415365798413', '/spimg/2010121415365800014.jpg', '2010-12-14 15:36:58', null, null), ('2010121415380276516', '2010121415380276515', '/spimg/2010121415380276516.jpg', '2010-12-14 15:38:02', null, null), ('2010121415410979618', '2010121415410979617', '/spimg/2010121415410979618.jpg', '2010-12-14 15:41:09', null, null), ('2010121415444117120', '2010121415444087519', '/spimg/2010121415444117120.jpg', '2010-12-14 15:44:41', null, null), ('2010121415461157822', '2010121415461156221', '/spimg/2010121415461157822.jpg', '2010-12-14 15:46:11', null, null), ('2010121415461159323', '2010121415461156221', '/spimg/2010121415461159323.jpg', '2010-12-14 15:46:11', null, null), ('2010121415480110925', '2010121415480110924', '/spimg/2010121415480110925.jpg', '2010-12-14 15:48:01', null, null), ('2010121415480110926', '2010121415480110924', '/spimg/2010121415480110926.jpg', '2010-12-14 15:48:01', null, null), ('2010121415480112527', '2010121415480110924', '/spimg/2010121415480112527.jpg', '2010-12-14 15:48:01', null, null), ('2010121415480112528', '2010121415480110924', '/spimg/2010121415480112528.jpg', '2010-12-14 15:48:01', null, null), ('201012142155539684', '201012142155539213', '/spimg/201012142155539684.jpg', '2010-12-14 21:55:53', null, null), ('201012142155540005', '201012142155539213', '/spimg/201012142155540005.jpg', '2010-12-14 21:55:54', null, null), ('201012142155540156', '201012142155539213', '/spimg/201012142155540156.jpg', '2010-12-14 21:55:54', null, null), ('201012150850102651', '201012121520167661', '/spimg/201012150850102651.jpg', '2010-12-15 08:50:10', null, null), ('201012150850103432', '201012121520167661', '/spimg/201012150850103432.jpg', '2010-12-15 08:50:10', null, null), ('201012150850565003', '201012142155539213', '/spimg/201012150850565003.jpg', '2010-12-15 08:50:56', null, null), ('201012150851152504', '201012141002384061', '/spimg/201012150851152504.jpg', '2010-12-15 08:51:15', null, null), ('201012160929048902', '201012160929048281', '/spimg/201012160929048902.jpg', '2010-12-16 09:29:04', null, null), ('201012162356443432', '201012162356442501', '/spimg/201012162356443432.jpg', '2010-12-16 23:56:44', null, null), ('201012301707037031', '201012281534134681', '/spimg/201012301707037031.jpg', '2010-12-30 17:07:03', null, null), ('201012301707494682', '201012281655314061', '/spimg/201012301707494682.jpg', '2010-12-30 17:07:49', null, null), ('201012301755063285', '201012301755063124', '/spimg/201012301755063285.jpg', '2010-12-30 17:55:06', null, null), ('201012301810588122', '201012301810587811', '/spimg/201012301810588122.jpg', '2010-12-30 18:10:58', null, null), ('201101101741230221', '201012141505116099', '/spimg/201101101741230221.jpg', '2011-01-10 17:41:23', null, null), ('201101101741231152', '201012141505116099', '/spimg/201101101741231152.UploadingContext@1d4ab05\\00\\00\\00\\00\\00\\00\\00\\02', '2011-01-10 17:41:23', null, null), ('201101101741231933', '201012141505116099', '/spimg/201101101741231933.UploadingContext@1d4ab05\\00\\00\\00\\00\\00\\00\\00\\03', '2011-01-10 17:41:23', null, null), ('201101101741235524', '201012141505116099', '/spimg/201101101741235524.UploadingContext@1d4ab05\\00\\00\\00\\00\\00\\00\\00\\04', '2011-01-10 17:41:23', null, null), ('2011011219533262512', '201012141503312505', '/spimg/2011011219533262512.jpg', '2011-01-12 19:53:32', null, null);
COMMIT;

-- ----------------------------
--  Table structure for `splb`
-- ----------------------------
DROP TABLE IF EXISTS `splb`;
CREATE TABLE `splb` (
  `SPLBID` varchar(32) NOT NULL COMMENT '编号',
  `PSPLBID` varchar(32) DEFAULT NULL COMMENT '父编码',
  `MC` varchar(200) DEFAULT NULL COMMENT '名称',
  `JM` varchar(100) DEFAULT NULL COMMENT '简码',
  `ZT` decimal(1,0) DEFAULT NULL COMMENT '状态',
  `BZ` varchar(200) DEFAULT NULL COMMENT '备注',
  `WZ` decimal(1,0) DEFAULT NULL,
  PRIMARY KEY (`SPLBID`)
) ENGINE=InnoDB DEFAULT CHARSET=utf8;

-- ----------------------------
--  Records of `splb`
-- ----------------------------
BEGIN;
INSERT INTO `splb` VALUES ('201012151139577032', '000000', '泸州老窖', '泸州老窖', '1', null, '1'), ('201012151452079681', '000000', '郎酒', '郎酒', '1', null, '2'), ('201012151504021252', '000000', '五粮液', '五粮液', '1', null, '3'), ('201012151504198123', '000000', '茅台', '茅台', '1', null, '4'), ('201012151504436874', '000000', '剑南春', '剑南春', '1', null, '5'), ('201012151505074845', '000000', '水井坊', '水井坊', '1', null, '6'), ('201012151509019376', '201012151139577032', '精品头曲', '精品头曲', '1', null, null), ('201012151510315787', '201012151139577032', '精品特曲', '精品特曲', '1', null, null), ('201012162359137963', '201012151139577032', '精品二曲', '精品二曲', '1', null, '0');
COMMIT;

-- ----------------------------
--  Table structure for `tg`
-- ----------------------------
DROP TABLE IF EXISTS `tg`;
CREATE TABLE `tg` (
  `TGID` varchar(32) NOT NULL COMMENT '编号',
  `SPID` varchar(32) DEFAULT NULL COMMENT '商品编号',
  `BT` varchar(100) DEFAULT NULL COMMENT '标题',
  `NR` text COMMENT '内容',
  `YJ` decimal(8,2) DEFAULT NULL COMMENT '原价',
  `XJ` decimal(8,2) DEFAULT NULL COMMENT '现价',
  `TGRS` decimal(65,30) DEFAULT NULL COMMENT '团购总人数',
  `KSRQ` datetime DEFAULT NULL COMMENT '开始日期',
  `JZRQ` datetime DEFAULT NULL COMMENT '截止日期',
  `TGZT` decimal(65,30) DEFAULT NULL COMMENT '团购状态',
  `YHJE` decimal(10,2) DEFAULT NULL COMMENT '优惠金额',
  `TGZSRS` decimal(65,30) DEFAULT NULL COMMENT '团购最少人数',
  `ZT` decimal(65,30) DEFAULT NULL COMMENT '状态',
  `BZ` varchar(200) DEFAULT NULL COMMENT '备注',
  PRIMARY KEY (`TGID`)
) ENGINE=InnoDB DEFAULT CHARSET=utf8 COMMENT='团购';

-- ----------------------------
--  Records of `tg`
-- ----------------------------
BEGIN;
INSERT INTO `tg` VALUES ('201012291037502961', '201012141002384061', '泸州老窖成年52°', '<p>\r\n	这里是团购的主要内容以及详细信息！</p>\r\n', '190.00', '180.00', '11.000000000000000000000000000000', '2011-01-19 00:00:00', '2011-01-20 00:00:00', '1.000000000000000000000000000000', '0.00', '5.000000000000000000000000000000', '1.000000000000000000000000000000', null);
COMMIT;

-- ----------------------------
--  Table structure for `wdsc`
-- ----------------------------
DROP TABLE IF EXISTS `wdsc`;
CREATE TABLE `wdsc` (
  `WDSCID` varchar(32) NOT NULL COMMENT '编号',
  `WPID` varchar(32) DEFAULT NULL COMMENT '物品编号',
  `SCSJ` datetime DEFAULT NULL COMMENT '收藏时间',
  `SCR` varchar(32) DEFAULT NULL COMMENT '收藏人',
  `SM` text COMMENT '说明',
  `ZT` decimal(65,30) DEFAULT NULL COMMENT '状态',
  `BZ` varchar(200) DEFAULT NULL COMMENT '备注',
  PRIMARY KEY (`WDSCID`)
) ENGINE=InnoDB DEFAULT CHARSET=utf8 COMMENT='我的收藏';

-- ----------------------------
--  Records of `wdsc`
-- ----------------------------
BEGIN;
INSERT INTO `wdsc` VALUES ('1111', '201012141504182817', '2011-01-19 00:00:00', '201012200108413122', null, '1.000000000000000000000000000000', null), ('201101111443030151', '201012141501438121', '2011-01-11 14:43:03', '201012200108413122', null, '1.000000000000000000000000000000', null);
COMMIT;

-- ----------------------------
--  Table structure for `wtlx`
-- ----------------------------
DROP TABLE IF EXISTS `wtlx`;
CREATE TABLE `wtlx` (
  `WTLXID` varchar(32) NOT NULL COMMENT '编号',
  `LXMC` varchar(50) DEFAULT NULL COMMENT '类型名称',
  `SM` varchar(200) DEFAULT NULL COMMENT '说明',
  PRIMARY KEY (`WTLXID`)
) ENGINE=InnoDB DEFAULT CHARSET=utf8 COMMENT='问题类型';

-- ----------------------------
--  Records of `wtlx`
-- ----------------------------
BEGIN;
INSERT INTO `wtlx` VALUES ('201012311530072651', '新手入门', '00000'), ('201012311532151562', '配送方式', '00000'), ('201012311532293753', '支付方式', '00000'), ('201012311532459684', '售后服务', '00000'), ('201012311532566255', '帮助信息', '00000'), ('201012311657391091', '重要消息', null), ('201012311657529842', '其他信息', null), ('201101181610182186', '特色服务', '00000');
COMMIT;

-- ----------------------------
--  Table structure for `xx`
-- ----------------------------
DROP TABLE IF EXISTS `xx`;
CREATE TABLE `xx` (
  `XXID` varchar(32) NOT NULL COMMENT 'ID',
  `LMID` varchar(32) DEFAULT NULL COMMENT 'ID',
  `XXNO` varchar(10) DEFAULT NULL COMMENT '编号',
  `BT` varchar(100) DEFAULT NULL COMMENT '标题',
  `GJZ` varchar(50) DEFAULT NULL COMMENT '关键字',
  `NR` text COMMENT '信息内容',
  `FBSJ` datetime DEFAULT NULL COMMENT '发布时间',
  `FBR` varchar(32) DEFAULT NULL COMMENT '发布人',
  `ZT` decimal(65,30) DEFAULT NULL COMMENT '状态',
  `BZ` varchar(200) DEFAULT NULL COMMENT '备注',
  PRIMARY KEY (`XXID`)
) ENGINE=InnoDB DEFAULT CHARSET=utf8;

-- ----------------------------
--  Records of `xx`
-- ----------------------------
BEGIN;
INSERT INTO `xx` VALUES ('201012281534134681', '201012281508361712', '1', '适合搭配番茄菜肴的白葡萄酒推荐', '葡萄酒', '<p>\r\n	&nbsp;&nbsp;在夏末时节用番茄来搭配葡萄酒会带给你一种满足体验。但是所用的番茄果实必须要有丰富的香气和味道，最好是家里种的。那些味道一般又没成熟的果子只能配上一杯自来水。<br />\r\n	<br />\r\n	&nbsp;</p>\r\n<p>\r\n	&nbsp;&nbsp;&nbsp;&nbsp;挑选一款适合的葡萄酒才能使番茄那令人愉悦的水果甜味得到彰显。一盘刚摘的、还残留着阳光温度的番茄，切成薄片，此时只有一款凉爽的具有青草和柠檬味道的白葡萄酒才能强化它的美味。推荐你选择一款年轻又便宜的法国酒；不要使用醋油色拉汁，它会破坏掉一种简单的快乐。</p>\r\n<p>\r\n	<br />\r\n	<br />\r\n	&nbsp;</p>\r\n<p>\r\n	&nbsp;&nbsp;&nbsp;&nbsp;而对于烹炒过的番茄所产生的甜味，用一款相当成熟、有明媚阳光感觉并且本身具有番茄枝气味以及醋栗、酸橙、百香果和青苹果香气的白葡萄酒来搭配，它们的搭配效果会非常出色。</p>\r\n<p>\r\n	<br />\r\n	<br />\r\n	&nbsp;</p>\r\n<p>\r\n	&nbsp;&nbsp;&nbsp;&nbsp;2009年份The&nbsp;Ned&nbsp;Waihopai&nbsp;River长相思<br />\r\n	<br />\r\n	　　&nbsp;&nbsp;&nbsp;&nbsp;产地：新西兰马尔堡（8.74英镑）。一款口感丰富的长相思，具有奇异果、醋栗和番石榴的味道。这款香气四溢、有着水果味道的葡萄酒适合搭配烹制过的熟番茄。</p>\r\n<p>\r\n	<br />\r\n	<br />\r\n	&nbsp;</p>\r\n<p>\r\n	&nbsp;&nbsp;&nbsp;&nbsp;Sainsbury&#39;s&nbsp;Vin&nbsp;de&nbsp;Pays&nbsp;des&nbsp;Cotes&nbsp;de&nbsp;Gascogne无年份<br />\r\n	<br />\r\n	　　&nbsp;&nbsp;&nbsp;&nbsp;产地：法国（3.99英镑）。这是一款物美价廉的优质&ldquo;自制白葡萄酒&rdquo;，酒精只有11%，具有吸引人的年轻、热烈的特质。它可以搭配新鲜番茄沙拉饮用。</p>\r\n<p>\r\n	<br />\r\n	<br />\r\n	&nbsp;</p>\r\n<p>\r\n	&nbsp;&nbsp;&nbsp;&nbsp;2008年份La&nbsp;Monacesca&nbsp;Verdicchio&nbsp;di&nbsp;Matelica<br />\r\n	<br />\r\n	　　&nbsp;&nbsp;&nbsp;&nbsp;产地：意大利马尔凯（9.99英镑）。虽然有些贵，但这款意大利葡萄酒具有鲜明而且复杂的特质；干型酒体，口感主要是多汁的酸橙味道以及淡淡的青橄榄味儿。它适合在晚宴上搭配新鲜番茄菜品饮用</p>\r\n<p>\r\n	<br />\r\n	&nbsp;</p>\r', '2010-12-28 15:34:13', '张三', '1.000000000000000000000000000000', null), ('201012281655314061', '201012281509071093', '3', '热烈祝贺当歌网浓重上线了歌网浓重上线了', '当歌网', '<p>\r\n	&nbsp;&nbsp;&nbsp;&nbsp;&nbsp;&nbsp;&nbsp;&nbsp;&nbsp;&nbsp;&nbsp;&nbsp;&nbsp;&nbsp;&nbsp;&nbsp;&nbsp;&nbsp;&nbsp;&nbsp;&nbsp;&nbsp;&nbsp;&nbsp;&nbsp;&nbsp;&nbsp;&nbsp;&nbsp;&nbsp;&nbsp;&nbsp;&nbsp;&nbsp;&nbsp;&nbsp;&nbsp;&nbsp;&nbsp;&nbsp;&nbsp;&nbsp;&nbsp;&nbsp;&nbsp;&nbsp;&nbsp;&nbsp;&nbsp;&nbsp;&nbsp;&nbsp;&nbsp;&nbsp;&nbsp;&nbsp;&nbsp;&nbsp;&nbsp;&nbsp;&nbsp;&nbsp;&nbsp;&nbsp;&nbsp;&nbsp;&nbsp;&nbsp;&nbsp;&nbsp;&nbsp;&nbsp;&nbsp;&nbsp;&nbsp;&nbsp;&nbsp;&nbsp;&nbsp;&nbsp;&nbsp;&nbsp;&nbsp;&nbsp;&nbsp;&nbsp;&nbsp;&nbsp;&nbsp;&nbsp;&nbsp;&nbsp;&nbsp;&nbsp;&nbsp;&nbsp;&nbsp;&nbsp;&nbsp;&nbsp;&nbsp;&nbsp;&nbsp;&nbsp;&nbsp;</p>\r\n<div>\r\n	&nbsp;&nbsp;&nbsp;&nbsp;&nbsp;&nbsp;&nbsp;&nbsp;&nbsp;&nbsp;&nbsp;&nbsp;&nbsp;&nbsp;&nbsp;&nbsp;&nbsp;&nbsp;&nbsp;&nbsp;&nbsp;&nbsp;&nbsp;&nbsp;&nbsp;&nbsp;&nbsp;&nbsp;&nbsp;&nbsp;&nbsp;&nbsp;&nbsp;&nbsp;&nbsp;&nbsp;&nbsp;&nbsp;&nbsp;&nbsp;&nbsp;&nbsp;&nbsp;&nbsp;&nbsp;&nbsp;&nbsp;&nbsp;&nbsp;&nbsp;&nbsp;&nbsp;&nbsp;&nbsp;&nbsp;&nbsp;&nbsp;&nbsp;&nbsp;&nbsp;&nbsp;&nbsp;&nbsp;&nbsp;&nbsp;&nbsp;&nbsp;&nbsp;&nbsp;&nbsp;&nbsp;&nbsp;&nbsp;&nbsp;&nbsp;&nbsp;&nbsp;&nbsp;&nbsp;&nbsp;&nbsp;&nbsp;&nbsp;&nbsp;&nbsp;&nbsp;&nbsp;&nbsp;&nbsp;&nbsp;&nbsp;&nbsp;&nbsp;&nbsp;&nbsp;&nbsp;&nbsp;&nbsp;&nbsp;&nbsp;&nbsp;&nbsp;&nbsp;&nbsp;&nbsp;&nbsp;&nbsp;&nbsp;&nbsp;&nbsp;&nbsp;&nbsp; <img src=\"file:///C:/Documents%20and%20Settings/Administrator/Application%20Data/Tencent/Users/499470647/QQ/WinTemp/RichOle/63(VTHGFV[{K5@3$]6(8U]6.jpg\" /></div>\r\n<div>\r\n	当歌网上线了&middot;&middot;&middot;大家全来抢购酒！</div>\r', '2010-12-28 16:55:31', '天成', '1.000000000000000000000000000000', null), ('201012301755063124', '201012301727047181', '41', '53°贵州茅台珍品375ML送礼首选', '茅台', '<p>\r\n	<font color=\"#464c00\">&nbsp;茅台酒是世界三大名酒之一，是我国大曲酱香型酒的鼻祖，是酿造者以神奇的智慧，提高粱之精，取小麦之魂，采天地之灵气，捕捉特殊环境里不可替代的微生物发酵、揉合、升华而耸起的酒文化丰碑。茅台酒源远流长，据史载，早在公元前135年，古属地茅台镇就酿出了使汉武帝&ldquo;甘美之&rdquo;的枸酱酒，盛名于世。</font><br />\r\n	&nbsp;</p>\r\n<table align=\"center\" border=\"0\" cellpadding=\"0\" cellspacing=\"0\" width=\"774\">\r\n	<tbody>\r\n		<tr>\r\n			<td style=\"text-align: center\">\r\n				<font color=\"#464c00\"><img alt=\"\" height=\"180\" src=\"http://www.goujiuwang.net/Uploads/Editor/1d398859-1980-4788-b577-3ed1be1380a2.jpg\" width=\"126\" /></font></td>\r\n			<td style=\"text-align: center\">\r\n				<font color=\"#464c00\"><img alt=\"\" height=\"180\" src=\"http://www.goujiuwang.net/Uploads/Editor/f2355a72-5eae-46fb-b84c-31956f406a5c.jpg\" width=\"126\" /></font></td>\r\n			<td style=\"text-align: center\">\r\n				<font color=\"#464c00\"><img alt=\"\" height=\"180\" src=\"http://www.goujiuwang.net/Uploads/Editor/76293145-92d5-451c-8ad5-bb13ef70b323.jpg\" width=\"126\" /></font></td>\r\n			<td style=\"text-align: center\">\r\n				<font color=\"#464c00\"><img alt=\"\" height=\"180\" src=\"http://www.goujiuwang.net/Uploads/Editor/bc8f598d-a93b-46a1-842e-46e85ad076b3.jpg\" width=\"126\" /></font></td>\r\n			<td style=\"text-align: center\">\r\n				<font color=\"#464c00\"><img alt=\"\" height=\"180\" src=\"http://www.goujiuwang.net/Uploads/Editor/d5f53752-9e1f-4641-a715-883751840bcd.jpg\" width=\"126\" /></font></td>\r\n			<td style=\"text-align: center\">\r\n				<font color=\"#464c00\"><img alt=\"\" height=\"180\" src=\"http://www.goujiuwang.net/Uploads/Editor/9bf71a34-a3f5-463f-b607-4d23243a4f0c.jpg\" width=\"126\" /></font></td>\r\n		</tr>\r\n	</tbody>\r\n</table>\r\n<table align=\"center\" border=\"0\" cellpadding=\"0\" cellspacing=\"0\" width=\"774\">\r\n	<tbody>\r\n		<tr>\r\n			<td colspan=\"2\" style=\"text-align: center\">\r\n				&nbsp;<br />\r\n				<strong><font size=\"3\">贵州茅台酒股份有限公司基本情况</font></strong></td>\r\n		</tr>\r\n		<tr>\r\n			<td width=\"75%\">\r\n				&nbsp;&nbsp;&nbsp;&nbsp;&nbsp;&nbsp;&nbsp;&nbsp; 贵州茅台酒股份有限公司是由中国贵州茅台酒厂有限责任公司、贵州茅台酒厂技术开发公司、贵州省轻纺集体工业联社、深圳清华大学研究院、中国食品发酵工业研究所、北京糖业烟酒公司、江苏省糖烟酒总公司、上海捷强烟草糖酒（集团）有限公司等八家公司共同发起，并经过贵州省人民政府黔府函字（1999）291号文件批准设立的股份有限公司，注册资本为一亿八千五百万元。<br />\r\n				　　公司主营贵州茅台酒系列产品的生产和销售，同时进行饮料、食品、包装材料的生产和销售，防伪技术开发，信息产业相关产品的研制开发。</td>\r\n			<td width=\"25%\">\r\n				&nbsp;<img alt=\"\" src=\"http://www.goujiuwang.net/Uploads/Editor/d710c07e-eb3f-4805-a68b-8609e3b713d5.jpg\" /></td>\r\n		</tr>\r\n	</tbody>\r\n</table>\r\n<table align=\"center\" border=\"0\" cellpadding=\"0\" cellspacing=\"0\" width=\"774\">\r\n	<tbody>\r\n		<tr>\r\n			<td width=\"19%\">\r\n				&nbsp;<img alt=\"\" src=\"http://www.goujiuwang.net/Uploads/Editor/eac24566-0d5c-4de4-a78c-24a09b2cd1e0.jpg\" /></td>\r\n			<td width=\"81%\">\r\n				&nbsp;&nbsp;&nbsp;&nbsp;&nbsp;&nbsp;&nbsp; 目前，贵州茅台酒股份有限公司茅台酒年生产量已突破一万吨；43&deg;、38&deg;、33&deg;茅台酒拓展了茅台酒家族低度酒的发展空间；茅台王子酒、茅台迎宾酒满足了中低档消费者的需求；15年、30年、50年、80年陈年茅台酒填补了我国极品酒、年份酒、陈年老窖的空白；在国内独创年代梯级式的产品开发式。形成了低度、高中低档、极品三大系列70多个规格品种，全方位跻身市场，从而占据了白酒市场制高点，称雄于中国极品酒市场。</td>\r\n		</tr>\r\n	</tbody>\r\n</table>\r', '2010-12-30 17:55:06', '撒大幅', '1.000000000000000000000000000000', null), ('201012301810587811', '201012301727047181', '42', '测试', '下次v', '<p>\r\n	<strong>此流程适用于非海外顾客，点击查看<a href=\"http://support.dangdang.com/helpcenter/api_cms/helpcenter/question_sort/2239/180086.shtml\"><u><font color=\"#1a66b3\">海外顾客订购流程</font></u></a></strong></p>\r\n<p>\r\n	&nbsp;</p>\r\n<p>\r\n	1、搜索商品</p>\r\n<p>\r\n	&nbsp;&nbsp;&nbsp;当当网为您提供了方便快捷的商品搜索功能：</p>\r\n<p>\r\n	&nbsp;&nbsp;（1）您可以通过在首页输入关键字的方法来搜索您想要购买的商品</p>\r\n<p>\r\n	&nbsp;&nbsp;（2）您还可以通过当当的分类导航栏来找到您想要购买的商品分类，根据分类找到您的商品</p>\r\n<p>\r\n	&nbsp;&nbsp;（3）观看 <a href=\"http://img11.dangdang.com/myaccount/search_demo.htm\"><u><font color=\"#1a66b3\">搜索商品</font></u></a> 演示</p>\r\n<p>\r\n	2、放入购物车&nbsp;&nbsp;&nbsp;&nbsp;&nbsp;&nbsp;&nbsp;&nbsp;&nbsp;&nbsp;&nbsp;&nbsp;&nbsp;&nbsp;&nbsp;&nbsp;&nbsp;&nbsp;&nbsp;&nbsp;&nbsp;&nbsp;&nbsp;&nbsp;&nbsp;&nbsp;&nbsp;&nbsp;&nbsp;&nbsp;&nbsp;&nbsp;&nbsp;&nbsp;&nbsp;&nbsp;&nbsp;&nbsp;&nbsp;&nbsp;&nbsp;&nbsp;&nbsp;&nbsp;&nbsp;&nbsp;&nbsp;&nbsp;&nbsp;&nbsp;&nbsp;&nbsp;&nbsp;&nbsp;&nbsp;&nbsp;&nbsp;&nbsp;&nbsp;&nbsp;&nbsp;&nbsp;&nbsp;&nbsp;&nbsp;&nbsp;&nbsp;&nbsp;&nbsp;&nbsp;&nbsp;&nbsp;&nbsp;&nbsp;&nbsp;&nbsp;&nbsp;&nbsp;&nbsp;&nbsp;&nbsp;&nbsp;&nbsp;&nbsp;&nbsp;&nbsp;&nbsp;<a href=\"http://support.dangdang.com/helpcenter/api_cms/helpcenter/question_sort/2239/180082.shtml#\"><strong><font color=\"#1a66b3\">top&uarr;</font></strong></a></p>\r\n<p>\r\n	&nbsp;&nbsp;在您想要购买的商品的详情页点击&ldquo;购买&rdquo;，商品会添加到您的购物车中；您还可以继续挑选商品放入购物车，一起结算。</p>\r\n<p>\r\n	&nbsp;&nbsp;（1）在购物车中，系统默认每件商品的订购数量为一件，如果您想购买多件商品，可修改购买数量</p>\r\n<p>\r\n	&nbsp;&nbsp;（2）在购物车中，您可以将商品 <a href=\"http://support.dangdang.com/helpcenter/api_cms/helpcenter/question_sort/2247/180122.shtml\"><u><font color=\"#1a66b3\">移至收藏</font></u></a> ，或是选择删除</p>\r\n<p>\r\n	&nbsp;&nbsp;（3）在购物车中，您可以直接查看到商品的优惠折和参加促销活动的商品名称、促销主题</p>\r\n<p>\r\n	&nbsp;&nbsp;（4）购物车页面下方的商品是当当网根据您挑选的商品为您作出的推荐，若有您喜爱的商品，点击&ldquo;放入购物车&rdquo;即可</p>\r\n<p>\r\n	&nbsp;&nbsp;&nbsp;&nbsp;&nbsp;&nbsp;&nbsp;温馨提示：</p>\r\n<p>\r\n	&nbsp;&nbsp;&nbsp;&nbsp;&nbsp;&nbsp;（1）商品价格会不定期调整，最终价格以您提交订单后订单中的价格为准</p>\r\n<p>\r\n	&nbsp;&nbsp;&nbsp;&nbsp;&nbsp;&nbsp;（2）优惠政策、配送时间、运费收取标准等都有可能进行调整，最终成交信息以您提交订单时网站公布的最新信息为准</p>\r\n<p>\r\n	3、选择订单&nbsp;&nbsp;&nbsp;&nbsp;&nbsp;&nbsp;&nbsp;&nbsp;&nbsp;&nbsp;&nbsp;&nbsp;&nbsp;&nbsp;&nbsp;&nbsp;&nbsp;&nbsp;&nbsp;&nbsp;&nbsp;&nbsp;&nbsp;&nbsp;&nbsp;&nbsp;&nbsp;&nbsp;&nbsp;&nbsp;&nbsp;&nbsp;&nbsp;&nbsp;&nbsp;&nbsp;&nbsp;&nbsp;&nbsp;&nbsp;&nbsp;&nbsp;&nbsp;&nbsp;&nbsp;&nbsp;&nbsp;&nbsp;&nbsp;&nbsp;&nbsp;&nbsp;&nbsp;&nbsp;&nbsp;&nbsp;&nbsp;&nbsp;&nbsp;&nbsp;&nbsp;&nbsp;&nbsp;&nbsp;&nbsp;&nbsp;&nbsp;&nbsp;&nbsp;</p>\r', '2010-12-30 18:10:58', 'nh', '1.000000000000000000000000000000', null);
COMMIT;

-- ----------------------------
--  Table structure for `zffs`
-- ----------------------------
DROP TABLE IF EXISTS `zffs`;
CREATE TABLE `zffs` (
  `ZFFSID` varchar(32) NOT NULL COMMENT 'id',
  `MC` varchar(100) DEFAULT NULL COMMENT '名称',
  `MS` text COMMENT '描述',
  `ZT` decimal(65,30) DEFAULT NULL COMMENT '状态',
  `BZ` varchar(200) DEFAULT NULL COMMENT '备注',
  PRIMARY KEY (`ZFFSID`)
) ENGINE=InnoDB DEFAULT CHARSET=utf8 COMMENT='支付方式';

SET FOREIGN_KEY_CHECKS = 1;
